latitude,longitude,brightness
5.5877,104.47563,331.22
5.86583,101.85512,337.42
6.00206,100.51067,326.67
6.05751,100.47849,327.91
6.15528,100.29899,331.4
7.11735,103.66807,344.88
8.51094,98.72141,330.01
8.58632,98.68129,341.85
8.58934,98.67959,347.51
10.15851,104.95902,333.77
10.17146,104.85868,341.62
10.1744,104.85918,343.59
10.17499,104.8581,333.01
10.24821,104.777,330.85
10.39755,104.72005,332.06
10.41748,104.86494,331.41
10.42234,104.91715,343.26
10.42585,104.91656,333.79
10.44007,104.71307,335.53
10.50943,103.78047,335.21
10.59979,103.80849,333.55
10.7201,103.57398,333.1
10.7227,103.57203,330.64
10.78363,103.86156,332.46
10.81682,104.96688,340.83
10.89827,104.14832,341.16
10.93618,104.38281,346.72
10.93976,104.38223,338.63
10.96157,103.87321,334.26
11.0048,103.33726,338.35
11.00525,103.33568,334.87
11.01615,103.22019,347.67
11.01997,103.21962,341.82
11.03747,103.36985,342.12
11.05794,104.27533,335.54
11.06785,104.1787,332.39
11.07413,104.39542,334.84
11.07533,104.39394,335.64
11.07732,104.28098,357.28
11.08695,103.75574,339.25
10.63581,99.08148,333.36
10.84384,98.66093,345.69
10.8453,98.66199,346.17
11.08954,103.40373,349.32
11.12184,103.43589,335.16
11.19381,103.35446,339.05
11.20959,103.33278,339.64
11.21035,103.33741,338.13
11.21865,103.34086,335.5
11.21867,103.34226,333.57
11.23942,103.63119,343.63
11.25045,104.1069,335.3
11.25406,104.10629,337.03
11.25464,103.81586,335.17
11.2583,103.81522,338.41
11.26789,103.73548,340.06
11.28638,103.10116,344.95
11.28785,103.10402,333.39
11.34164,104.48224,338.15
11.35128,103.2305,347.21
11.37152,103.18861,331.44
11.37533,104.09566,335.58
11.37751,98.86846,367
11.37918,103.70864,331.16
11.37976,103.16784,337.74
11.38656,103.16181,333.69
11.43914,104.25973,338.97
11.4434,104.33099,343.76
11.46338,99.11559,331.33
11.57081,103.01266,333.78
11.57371,103.10052,335.29
11.57399,104.81969,367
11.57448,103.10512,331.51
11.58659,103.08405,332.51
11.59426,104.81233,367
11.59444,103.1548,333.37
11.59774,104.81175,367
11.59921,103.04212,337.44
11.61316,104.08704,341.82
11.62162,103.08335,331.96
11.62241,103.08817,335.05
11.62441,103.08465,340.9
11.62523,103.08942,332.22
11.65358,103.1186,336.34
11.66503,98.52689,367
11.66558,98.52993,353.32
11.68425,102.95102,347.33
11.68872,103.77204,337.2
11.6939,103.4945,332.27
11.69448,103.45263,330.1
11.69463,103.01369,337.46
11.70328,103.43681,334.23
11.71911,103.04345,330.22
11.73176,104.41488,337.31
11.73752,103.45892,334.7
11.74122,103.45821,337.15
11.75942,99.51039,333.66
11.7597,99.51153,334.5
11.76039,99.51563,331.12
11.76043,103.84646,345.46
11.76063,99.51679,333.08
11.76136,99.52085,334.48
11.76267,104.0885,340.21
11.77466,103.93195,341.67
11.7748,103.88798,339.18
11.78128,103.9046,338.03
11.7919,104.29199,336.21
11.80556,99.17892,331.01
11.82156,104.03627,337.55
11.82566,103.97091,336.16
11.84375,104.56933,338.23
11.84376,103.89973,338.88
11.88514,99.50047,349.11
11.89135,104.61863,337.55
11.94957,104.0201,333.64
11.989,103.96317,334.69
12.00605,104.30019,336.86
12.00963,104.29984,332.11
12.01326,103.88559,333.78
12.01507,104.35597,339.22
12.01876,102.78845,332.39
12.03444,103.85609,341.48
12.03739,103.85136,330.61
12.03808,103.85561,348.47
12.06733,102.77185,332.63
12.08498,102.78293,336.28
12.08638,103.1627,336.71
12.08813,102.77814,354.29
12.08895,104.05468,332.18
12.09116,102.7726,337.01
12.09198,102.77754,355.61
12.09466,103.16602,337.9
12.09702,103.75819,334.66
12.10185,103.78739,333.98
12.11422,102.79266,332.77
12.12128,102.79897,331.97
12.13027,103.77869,333.8
12.13322,103.77393,330.32
12.1339,103.77804,346.47
12.13797,103.80291,335.89
12.14135,103.7322,343.34
12.15241,103.91395,336.02
12.15813,104.88418,332.58
12.16439,104.12239,341.37
12.16478,103.89883,346.38
12.16736,103.84617,342.24
12.17547,103.82739,340.26
12.17569,103.82806,341.06
12.17949,103.76161,332.96
12.18082,103.81422,337.37
12.18654,103.96449,339.73
12.19638,104.38496,335.58
12.20317,103.00446,337.82
12.20409,104.00464,337.66
12.20526,104.005,340.37
12.20663,103.85751,338.22
12.20724,103.88351,337.24
12.20779,103.14717,344.74
12.20796,104.30004,345.33
12.21513,103.52303,346.36
12.21528,103.00709,342.09
12.21635,104.30693,351.48
12.21728,104.03297,341.08
12.22185,102.95307,349.33
12.2255,103.8368,341.52
12.22641,102.95706,333.31
12.22841,103.83192,337.4
12.22884,102.99509,337.3
12.22923,103.81426,354.38
12.22951,102.97574,333.01
12.23185,102.98978,342.02
12.23252,102.9704,342.09
12.23263,102.99447,335.48
12.23301,102.79701,333.93
12.2334,102.99916,338.27
12.23351,103.02323,339.59
12.23719,102.99854,339.76
12.23727,103.02245,341.16
12.23736,104.22018,341.22
12.23786,102.97909,334.67
12.24182,103.02648,337.82
12.24288,103.82943,346.95
12.2444,103.81603,348.2
12.24579,103.82455,333.76
12.24649,103.8288,338.5
12.25309,102.98283,348.29
12.25377,102.9811,347.75
12.25543,98.10678,336.71
12.26652,103.5201,336.28
12.26724,103.52436,338.83
12.27102,103.04224,334.06
12.27445,103.65757,338.29
12.27458,103.52309,342.23
12.27683,103.55926,330.32
12.28119,103.51743,341.58
12.28343,103.50815,336.92
12.28782,103.51185,346.59
12.2999,102.93715,357.2
12.30375,102.93682,352.06
12.30417,103.70112,334.64
12.3062,103.48584,336.51
12.3167,102.9443,348.03
12.32156,103.51031,339.73
12.32465,103.47018,341.63
12.32611,103.46885,341.55
12.32851,104.70874,336.85
12.32909,104.07426,340.72
12.32915,104.71268,343.2
12.3342,103.4595,335.5
12.34239,102.95824,336.43
12.34709,102.98664,337.04
12.34923,102.95496,334.96
12.34997,102.957,340.29
12.35117,103.44778,338.37
12.35147,104.92715,337.74
12.3533,104.92668,340.62
12.3557,103.65371,340.15
12.35612,103.65282,343.83
12.35623,103.97137,344.92
12.35691,103.97555,341.08
12.36908,104.84912,338.03
12.37619,104.91502,335.31
12.38136,103.40154,337.6
12.38631,104.99964,334.77
12.3895,103.40482,336.56
12.39316,103.18896,332.82
12.39616,103.99032,340.35
12.39908,104.90334,333
12.4018,103.12666,343.38
12.40253,104.90278,346.67
12.40784,103.13956,345.45
12.41282,98.13833,367
12.44068,104.98672,330.46
12.44412,104.98616,351.72
12.44825,103.12803,334.59
12.45125,103.12293,341.7
12.45386,102.82047,341.12
12.45766,102.81979,337.82
12.45785,104.85818,345.38
12.45907,104.9915,336.94
12.45987,102.74072,343.01
12.46175,103.1166,332.38
12.46247,103.12092,337.98
12.46251,104.99094,338.74
12.4767,104.84321,348.01
12.48591,103.28535,331.83
12.49835,103.15186,333.54
12.49906,103.15306,332.03
12.51656,103.05178,336.63
12.52673,104.89011,337.87
12.53068,104.04048,335.07
12.53244,104.03738,337.04
12.53592,104.76991,334.59
12.54147,104.77293,339.05
12.54346,104.77264,341.8
12.54496,104.87132,336.71
12.55079,102.82006,346.87
12.55214,102.82269,338.58
12.55279,104.79883,343.63
12.55625,104.79825,334.95
12.55693,103.20039,333.56
12.55931,104.06674,335.08
12.56304,104.22152,337.02
12.56327,104.22023,335.57
12.57548,104.67559,331.02
12.57581,104.65551,332.06
12.58974,103.21361,345.52
12.59012,103.16953,340.15
12.61461,102.80396,339.68
12.61923,102.69095,332.79
12.63451,102.6552,337.33
12.63506,102.66763,337
12.63693,102.66924,336.98
12.63719,104.81642,340.59
12.63853,104.10397,332.23
12.63904,103.26936,336.72
12.6435,103.27319,341.74
12.64796,103.27701,346.26
12.64872,103.28149,335.91
12.66847,99.03492,333.25
12.71422,101.29031,331
12.71488,101.29419,336.42
12.7151,101.29025,334.33
12.7158,101.29412,335.52
12.72481,103.71285,330.39
12.72697,98.91553,340.8
12.73007,98.91801,331.92
12.73218,101.46922,332.87
12.75411,103.61975,333.58
12.75588,98.83988,356.18
12.76189,104.48837,334.02
12.77058,98.86436,341.92
12.7892,102.69473,340.91
12.80282,104.40825,336.71
12.80442,102.94448,345.06
12.81292,103.61503,335.73
12.81655,103.6144,335.73
12.81727,103.6187,350.13
12.82654,103.17324,339.94
12.88243,103.56055,339.74
12.88281,103.56316,348.5
12.88388,103.54699,339.6
12.88433,103.54957,340.43
12.88607,103.55994,331.17
12.88645,103.56253,340.91
12.90007,102.43164,334.98
12.91737,103.5234,336.24
12.92029,103.51845,335.57
12.92102,103.52282,345.24
12.92465,103.52215,335.86
12.93508,101.11474,335.69
12.93578,101.11865,336.49
12.94931,103.55795,333.86
12.97072,104.41724,337.76
12.97136,104.4212,336.03
12.98872,101.17373,343.86
13.02048,101.20415,334.22
13.02172,101.09092,336.39
13.02242,101.0948,335.77
13.02637,104.26981,344.3
13.02703,104.27381,351.67
13.03054,104.27322,335.95
13.04002,104.17658,334.92
13.05692,104.2358,367
13.0624,104.24725,341
13.06591,104.24664,337.14
13.14361,104.55056,333.62
13.15913,99.10399,338.76
13.16017,99.10968,341.65
13.17529,103.23845,333.31
13.18228,101.38025,344.08
13.18639,101.37953,345.53
13.18707,101.38332,336.02
13.20344,99.02503,339.47
13.20383,99.00063,337.65
13.20777,103.27385,338.8
13.20807,99.02324,333.94
13.20854,98.99917,330.98
13.24274,99.02265,338.92
13.24362,99.0274,332.9
13.24742,99.63949,330.15
13.24743,99.02116,342.32
13.2484,99.02644,332.38
13.2537,104.60818,336.63
13.25424,99.13828,343.46
13.25795,104.78918,344.89
13.25973,99.14135,345.16
13.27848,104.89541,335.4
13.28411,104.88666,336.16
13.286,102.36342,338.63
13.2976,104.86099,345.21
13.30103,104.86043,340.83
13.30247,104.61206,344.04
13.30927,104.89022,337.15
13.32116,103.41386,332.31
13.3286,104.48776,345.64
13.3349,101.24593,332.01
13.38497,104.49828,334.87
13.40102,104.98344,339.84
13.40365,104.95596,339.23
13.40404,104.37413,341.67
13.40425,104.95972,340.6
13.407,104.45839,337.58
13.40706,104.95539,343.56
13.40766,104.95915,338.58
13.41526,104.98492,344.47
13.41739,103.13989,341.68
13.42698,102.82598,337.92
13.46717,103.12792,337.51
13.48423,104.35343,339.84
13.48489,103.34158,340.43
13.48782,103.33658,335.76
13.48853,103.34094,349.1
13.49476,103.44695,341.69
13.49658,103.32269,339.35
13.49662,103.32157,338.67
13.49805,103.33031,345.29
13.49806,103.33141,339.14
13.50354,103.1857,338.75
13.52151,104.56045,330.56
13.53649,99.62472,332.48
13.55828,99.66583,344.78
13.56885,100.94648,330.29
13.57305,100.94571,330.56
13.58439,99.01079,340.81
13.58527,99.01556,367
13.58929,99.01059,344.27
13.58972,99.01302,350.56
13.59012,99.0151,335.41
13.60128,100.72026,339.08
13.60988,104.61264,346.28
13.61426,104.63954,336.15
13.61536,100.70071,330.97
13.6154,103.78772,335.34
13.62471,103.03697,349
13.63306,104.16109,335.55
13.63338,98.55124,334.96
13.63371,104.16139,335.99
13.63407,98.54824,331.9
13.63564,104.17707,346.26
13.63576,99.12566,350.5
13.63636,104.17734,344.23
13.64045,99.12453,338.84
13.64474,102.94182,339.44
13.67057,104.36279,349.19
13.68151,101.46495,334.01
13.69373,101.31724,332.15
13.70385,104.69143,338.81
13.70446,104.15343,335
13.70511,104.15742,337.37
13.71318,102.37089,334.18
13.7206,101.31185,348.89
13.73028,104.15721,336.73
13.75274,99.17724,341
13.7533,99.17422,343.36
13.75661,101.32455,339.08
13.7568,104.25498,337.1
13.75727,101.32828,354.6
13.75746,104.255,339.09
13.76248,101.26155,337.73
13.76658,101.2608,339.18
13.78219,100.92767,343.51
13.78346,104.17298,336.33
13.7851,98.95052,335.3
13.78826,104.18036,338.76
13.79736,104.23599,337.52
13.80531,98.20315,338.72
13.80692,104.25063,339.3
13.82235,101.4613,331.87
13.83864,101.43518,334.79
13.83913,99.21752,343.48
13.84224,99.01658,330.48
13.84947,104.55626,337.59
13.85146,100.92806,340.55
13.85179,101.27213,331.97
13.86372,98.94734,338.39
13.86408,99.08035,353.45
13.86412,101.14888,331.37
13.86685,104.66378,339.32
13.86864,99.07859,349.79
13.87029,104.66319,337.13
13.87545,104.07127,333.21
13.87583,101.33701,335.56
13.8776,101.37109,331.68
13.88258,104.73947,335.86
13.88274,101.88485,337.75
13.88305,99.35258,333.97
13.88363,101.89001,331.93
13.88436,100.67365,341.05
13.8859,104.956,341.71
13.88645,102.09428,340.2
13.88659,99.35419,337.04
13.90177,101.3895,344.55
13.90241,101.39317,334.59
13.91283,101.42915,336.61
13.91545,99.17272,336.62
13.93207,104.52665,331.62
13.94131,100.94791,340.56
13.942,100.95182,345.69
13.94295,101.38996,330.45
13.94564,104.21519,335.87
13.94886,101.16147,330.75
13.94913,104.9146,335.72
13.95537,101.7941,337.04
13.95627,101.79931,339.62
13.96276,100.82193,331.08
13.96524,100.93159,344.86
13.971,102.47305,334.04
13.9796,100.16802,330.49
13.98397,104.58511,331.66
13.98472,104.20925,345.63
14.00906,100.88696,352.83
14.01108,98.27954,342.41
14.01109,104.71011,338.01
14.01125,98.28299,343.18
14.01166,98.89697,347.04
14.0117,104.71391,332.67
14.01201,98.89825,352.07
14.01582,98.89211,341.17
14.01612,101.42572,345.51
14.01641,98.89599,344.96
14.01675,98.89719,344.62
14.01799,100.129,330.66
14.0227,98.82499,338.83
14.02326,104.98288,333.23
14.02575,100.93253,331.53
14.02665,104.98232,340.19
14.02779,98.47344,332.35
14.03075,100.37665,335.22
14.03197,98.47421,341.73
14.0334,98.47616,340.64
14.03573,98.84135,337.67
14.03822,101.1957,335.48
14.03953,100.98629,345.11
14.04179,104.57977,336.05
14.04259,98.39198,340.66
14.04274,98.39494,351.9
14.04521,104.62244,334.54
14.05002,100.94819,331.57
14.0505,104.63334,331.93
14.05431,98.80829,343.62
14.05767,100.27094,336.81
14.05827,100.97077,342.73
14.07148,104.56684,335.23
14.07478,100.64738,335.19
14.08211,101.85494,332.12
14.08269,98.7739,350.21
14.10301,100.42054,333.65
14.10303,104.56544,346.09
14.1036,101.00225,332.59
14.10808,100.42393,337.97
14.12118,101.85067,346.35
14.12145,101.84782,334.94
14.1246,104.9624,338.24
14.12635,104.77687,339.83
14.13511,100.47503,339.4
14.13584,99.08787,337.08
14.14373,100.57162,343.91
14.15353,104.96907,334.37
14.16223,101.01926,349.45
14.16291,101.0231,344.31
14.16298,100.58074,342.75
14.16637,101.01849,353.88
14.16723,100.57995,343.78
14.16797,100.58405,343.16
14.1847,99.53422,336.37
14.20499,104.36947,340.82
14.23363,103.68092,341.5
14.23782,100.46905,330.28
14.25423,98.93075,333.25
14.25522,98.51321,341.23
14.25631,98.51031,352.22
14.25795,101.20902,342.34
14.26016,98.51268,342.24
14.26173,99.39317,342.32
14.27024,100.7692,336.33
14.27096,100.77316,330.76
14.27443,100.76841,341.18
14.27574,99.14597,331.82
14.27664,99.15069,337.37
14.27967,99.15234,339.15
14.2812,99.14927,339.42
14.28715,99.1404,342.66
14.30264,99.26214,347.84
14.30409,99.25996,342.91
14.30488,99.26433,335.97
14.30739,99.13431,333.31
14.3365,104.71392,350.83
14.3391,103.17281,349.86
14.33953,103.17603,338.12
14.34246,103.17103,334.15
14.35535,104.13525,340.33
14.36422,104.75591,335.85
14.36684,98.72141,334.67
14.3687,98.73132,335.63
14.37084,99.00247,341.9
14.37086,99.0055,343.58
14.37416,103.611,338.86
14.37549,98.71459,330.45
14.38393,101.02158,345.32
14.39025,98.97621,337.45
14.41564,100.53516,334.93
14.41818,100.53485,330.41
14.42077,98.26987,339.63
14.4208,98.2719,335.87
14.43155,103.01283,332.93
14.43282,104.96425,332.69
14.47092,99.58285,330.31
14.47108,98.64642,344.92
14.47138,99.58404,343.15
14.4717,99.58714,341.37
14.47199,98.65124,343.66
14.47448,99.32294,342.2
14.47584,98.6452,331.11
14.47676,98.65014,348.17
14.47993,99.3267,333.58
14.48083,99.33154,344.51
14.48191,100.5229,338.35
14.54513,99.32395,297.69
14.54586,99.32786,367
14.54663,99.33194,335.1
14.55037,99.32656,343.16
14.55115,99.3307,348.23
14.56538,98.52155,330.63
14.56712,100.97626,338.57
14.60146,98.0079,332.15
14.60945,98.01657,336
14.61083,98.00268,337.97
14.61356,98.01663,333.48
14.61751,98.14149,340.91
14.61809,98.14515,342.08
14.62973,101.09792,332.04
14.6317,101.07859,330.03
14.63337,102.01959,333.77
14.64877,101.03944,330.18
14.64938,98.20187,342.76
14.6504,98.20528,341.78
14.65232,100.67447,337.36
14.66029,100.67291,340.44
14.6607,100.67289,338.74
14.66295,101.4739,346.03
14.66694,101.47314,346.29
14.67023,98.20189,333.82
14.67175,100.25174,333.96
14.67366,99.2815,336.63
14.67427,98.19634,342.16
14.67517,98.20096,343.99
14.68456,101.66828,333.45
14.71535,99.20451,330.6
14.72072,98.19836,330.35
14.72346,98.99374,334.14
14.72534,101.23383,332.82
14.72671,98.203,331.28
14.72944,99.32635,343.34
14.73147,98.25507,345.34
14.73164,98.20206,333.64
14.73274,98.20116,331.53
14.74043,98.32917,355.45
14.74162,98.36213,332.26
14.7464,98.33398,336.95
14.75155,98.36121,341.1
14.75161,98.19956,340.71
14.75223,100.48667,333.44
14.75247,98.36607,340.97
14.75278,98.19898,339.53
14.75705,98.17397,342.75
14.75738,98.36528,339.7
14.75801,98.17331,342.8
14.75929,98.18599,335.15
14.77313,99.43662,333.26
14.77316,98.34174,338.17
14.77529,98.34038,340.24
14.78675,98.33323,330.79
14.78883,98.33188,333.8
14.79692,100.09396,342.83
14.79715,98.40089,341.69
14.79919,98.33311,340.35
14.79939,98.40108,341.35
14.80016,98.33813,345.67
14.80195,98.39966,342.54
14.80798,100.15384,342.95
14.83279,98.45531,340.58
14.83752,99.24615,334.08
14.84105,99.24662,333.65
14.84112,98.0985,330.03
14.84155,98.10066,344.54
14.84228,98.10444,347.72
14.84264,98.10644,340.52
14.86364,98.88026,335.28
14.86487,98.87867,331.36
14.86758,102.25728,343.1
14.87585,98.31043,330.63
14.877,98.30799,342.64
14.89572,101.25482,340.16
14.9115,98.44736,339.66
14.91257,100.23888,339.55
14.91468,100.23923,339.73
14.93643,100.4227,338.2
14.93979,100.42254,340.93
14.94473,100.23352,347.21
14.94702,98.79715,333.43
14.94982,99.47498,341.89
14.9543,99.47392,336.45
14.95881,99.47305,344.27
14.98344,100.05115,337.93
14.98746,98.77622,341.38
14.99635,99.99957,341.56
14.99658,100.10103,342.02
14.99733,100.10162,343.95
15.00158,99.32008,332.23
15.00237,99.3243,350.34
15.02678,99.32883,333.25
15.03217,99.43365,336.62
15.03354,100.05489,341.26
15.04141,100.26743,331.09
15.05201,100.08234,343.13
15.05967,98.79626,337.76
15.06506,100.27583,337.51
15.07361,100.27419,338.59
15.07708,100.4137,330.08
15.07958,99.38589,331.81
15.08052,99.8913,331.67
15.08567,100.26759,338.1
15.10865,100.04256,332.34
15.11873,100.30409,331.86
15.11991,99.47455,349.5
15.134,98.0159,332.38
15.13526,102.07399,339.12
15.14017,99.38292,331.53
15.14711,102.0639,342.17
15.14796,102.06876,340.5
15.15399,98.41228,336.77
15.15798,100.28551,334.08
15.16196,101.80652,343.68
15.16224,100.2847,337.72
15.16829,98.64119,341.88
15.16887,98.4898,340.51
15.16933,98.64378,332.05
15.20357,102.16302,349.23
15.20988,101.59578,337.28
15.21051,100.18515,331.09
15.2299,99.25549,337.62
15.23396,99.17539,343.43
15.2356,99.18424,338.62
15.23647,99.18892,343.66
15.23933,99.17878,334.71
15.24016,99.18329,346.2
15.24102,99.1879,349.67
15.24569,99.26431,332.15
15.24644,99.19161,338.2
15.25027,99.19268,334.56
15.25146,100.70293,349.84
15.25272,99.22572,333.5
15.25363,99.23064,333.86
15.25497,99.26356,334.57
15.25943,99.26221,338.54
15.26165,99.252,345.55
15.26191,99.25002,338.69
15.26268,99.25735,345.81
15.26288,99.25529,348.78
15.26388,99.26079,336.99
15.26424,99.24088,330.73
15.26519,99.24585,352.31
15.26552,99.24395,342.51
15.26616,99.25089,335.03
15.26643,99.24895,342.17
15.29896,103.73804,334.36
15.30624,99.44105,332.11
15.30728,99.4421,330.53
15.33931,99.46395,330.22
15.37074,98.25848,337.64
15.3811,103.77737,342.54
15.38635,100.0568,337.23
15.38643,100.70913,337.22
15.38777,100.90573,344.96
15.40134,101.33382,338.63
15.41471,98.56731,335.43
15.42189,97.80251,333.72
15.4222,98.55485,343.16
15.42447,102.0725,339.34
15.42965,102.67299,338.57
15.43255,98.30246,330.96
15.43599,99.63734,335.26
15.4372,98.30058,335.73
15.43764,98.32858,338.95
15.43992,100.77048,344.89
15.4416,100.76604,334.86
15.44231,100.76988,345.03
15.44339,98.09758,347.35
15.46509,98.70399,342.4
15.46616,99.3881,344.96
15.47056,97.81268,340.9
15.47525,98.68012,335.24
15.48052,97.81062,341.04
15.48278,99.37724,339.86
15.48351,99.3812,335.48
15.48642,100.03812,332.83
15.48731,98.50803,336.65
15.48873,99.38425,343.87
15.48946,99.3882,351.19
15.49025,99.39249,353.99
15.49559,99.39616,346.93
15.49745,99.35567,339.99
15.49821,99.35983,367
15.49848,99.35777,367
15.49899,99.36404,347.37
15.49928,99.36195,355.37
15.50266,99.35866,347.48
15.50344,99.36293,338.63
15.50373,99.36085,335.16
15.5042,99.36703,343.93
15.50452,99.365,367
15.50458,100.85629,337.34
15.50708,99.35732,333.05
15.50731,99.35512,333.91
15.50776,98.19632,331.32
15.50866,99.36594,347.19
15.50978,99.36809,334.1
15.51068,99.35155,367
15.5109,99.34946,367
15.51149,99.35592,337.51
15.51171,99.35376,348.63
15.51443,99.34651,335.43
15.5152,99.35072,355.04
15.51543,99.34876,354.92
15.51599,99.35505,347.98
15.51623,99.353,355.58
15.52593,98.6068,350.12
15.54381,98.75167,342.67
15.55047,98.73564,336.71
15.55656,100.61632,343.45
15.55662,99.44376,342.08
15.56109,99.4429,335.75
15.56382,104.34566,341.54
15.58328,100.81065,348.38
15.58704,99.43298,340.19
15.59171,98.46282,336.25
15.59828,99.7878,337.84
15.60382,101.27477,348.77
15.60401,98.52671,341.51
15.60778,101.27394,341.93
15.61247,98.93639,335
15.62107,100.44559,340.39
15.62701,100.57867,339.22
15.62824,100.5786,344.2
15.63372,101.561,339.61
15.63802,99.3727,341.71
15.63905,98.42555,333.51
15.64801,98.47299,346.07
15.64853,101.82722,335.94
15.65018,98.53664,338.37
15.65726,104.0113,341.44
15.66608,101.85941,339.1
15.67608,100.41447,342.24
15.68511,98.40772,331.14
15.70147,98.51798,355.96
15.72052,100.08662,332.52
15.72481,99.33301,335.42
15.72561,98.11054,340.23
15.72626,98.41568,341.87
15.72776,99.29948,344.58
15.72791,99.3309,344.71
15.74894,101.90472,337.32
15.78154,100.4487,335.07
15.79078,98.1607,344.63
15.79219,99.24467,344.01
15.79562,98.15974,333.08
15.79808,101.17149,349.6
15.80055,99.23932,340.26
15.80138,99.24386,344.32
15.80208,101.17079,339.48
15.80227,99.24075,347.7
15.80272,101.1744,353.27
15.80352,101.08506,356.31
15.80607,101.17007,339.62
15.80752,99.26814,333.28
15.81013,99.26601,350.89
15.81101,99.27078,332.58
15.81108,99.26235,330.93
15.81201,99.26721,340.1
15.8215,98.5022,347.32
15.84202,99.20372,340.3
15.8476,99.20848,332.25
15.85148,99.49818,341.2
15.85245,99.49679,340
15.85327,99.50127,343.99
15.85591,99.49734,344.18
15.86799,99.24233,330.01
15.87397,98.97599,355.6
15.87409,98.57261,351.09
15.87516,102.41854,342.17
15.87528,98.9777,342.84
15.88133,99.18851,332.12
15.88715,98.43114,333.76
15.89041,99.18697,334.81
15.89939,98.34122,337.7
15.90099,99.93549,345.88
15.91173,98.32801,339.03
15.9123,100.16605,331.45
15.91564,102.04728,337.03
15.92034,101.54965,340.67
15.93769,101.51144,331.59
15.94075,101.73701,340.15
15.94128,101.73487,336.55
15.94458,98.79359,334.97
15.94751,102.16377,335.26
15.94878,99.74937,338.88
15.95002,102.06584,337.11
15.95087,102.07079,338.75
15.95117,101.51952,347.1
15.95218,98.71653,331.52
15.95383,102.06533,335.22
15.95468,102.0703,350.96
15.95553,102.07526,343.38
15.95849,102.06982,344.7
15.95934,102.07479,347.17
15.9595,100.44749,343.33
15.96635,99.84412,340.54
15.97778,100.50065,344.6
15.97849,100.50455,350.4
15.98192,100.49986,344.96
15.98263,100.50375,353.96
15.98333,100.50764,345.56
15.98677,100.50295,354.65
15.98748,100.50684,344.67
15.98813,102.12968,339.53
15.98886,102.13393,345.68
15.9896,97.69058,331.28
16.00817,98.4964,335.79
16.01294,98.49573,331.86
16.01563,97.58474,330.89
16.03797,99.2386,342.68
16.04004,102.68127,339.79
16.04368,102.6806,334.58
16.05284,98.57594,356.24
16.0567,98.31405,341.58
16.05737,98.31654,343.96
16.07215,103.75802,337.44
16.07562,103.75741,339.56
16.07633,102.10411,344.31
16.07779,98.6302,343.34
16.07937,102.09924,334.34
16.08018,98.5918,338.96
16.09515,98.33334,334.58
16.09973,98.38226,334.26
16.10032,100.85453,337.98
16.11099,98.60068,335.1
16.11196,97.945,350.66
16.11336,98.60236,352.25
16.11367,98.79362,348.4
16.11564,98.59962,336.46
16.11591,97.94661,336.19
16.11658,98.60458,342.21
16.11802,98.6013,356.56
16.12991,101.18702,347.75
16.13258,97.94667,342.84
16.13389,101.18639,348.1
16.13962,98.65022,347.85
16.14486,98.51388,331.63
16.14765,98.82162,337.02
16.15645,98.52341,330.18
16.163,99.25275,330.69
16.16383,98.61245,341.34
16.16397,99.66501,343.89
16.1674,101.42348,331.04
16.17195,97.67495,332.29
16.17521,99.72574,330.17
16.18764,102.09692,339.34
16.18798,100.46108,343.52
16.18869,100.46498,336.92
16.19777,98.68888,338.94
16.20316,100.91479,337.44
16.20978,102.60371,338.25
16.21054,98.5777,337.48
16.21847,98.56171,336.12
16.22257,101.85278,344.06
16.22493,100.33206,331.69
16.22592,100.33203,332.04
16.2306,101.83128,336.49
16.23146,101.8362,346.68
16.23442,101.83065,332.87
16.23486,99.70573,334.36
16.23527,101.83556,350.4
16.23611,101.84042,339.32
16.23631,100.98546,341.05
16.23651,100.27243,334.21
16.23694,100.98904,345.01
16.23716,100.98554,341.58
16.2378,100.98911,339.17
16.23845,101.20801,334.32
16.23909,101.83494,345.87
16.23993,101.83981,337.02
16.24053,99.13696,345.33
16.24121,101.82451,330.19
16.24375,101.8392,334.91
16.24429,99.13216,345.25
16.24457,101.66084,332.97
16.24459,101.84406,367
16.24503,101.82388,342.75
16.24588,101.82877,351.99
16.24589,101.65799,346.43
16.24672,101.83368,350.54
16.24679,101.6507,330.14
16.24842,101.66017,332.53
16.24842,101.8435,330.13
16.24859,101.28867,333.96
16.24884,101.8232,340.58
16.24969,101.82812,354.34
16.25054,101.83307,337.85
16.25436,101.83243,335.12
16.25521,101.83739,341.68
16.25617,98.40353,334.46
16.26345,99.15929,341.86
16.26429,100.99834,337.11
16.26693,101.20763,332.24
16.26764,100.994,336.35
16.26783,101.21274,334.74
16.26825,100.99738,338.53
16.26983,101.2106,339.24
16.27202,99.25353,340.86
16.27435,99.14294,334.76
16.27456,98.37127,332.35
16.2757,101.21114,335.42
16.27629,99.12848,339.32
16.27674,98.35681,341.68
16.27694,98.48661,354.51
16.27862,101.2141,343.41
16.27883,99.14196,331.4
16.27998,99.12327,343.98
16.28356,101.20942,336.81
16.28446,101.21463,343.02
16.28647,101.21239,341.81
16.28702,98.17976,337.72
16.29128,101.84695,330.9
16.29265,102.1231,343.1
16.2948,102.11308,346.28
16.29493,101.86777,337.26
16.29572,99.23174,341.31
16.29624,98.66379,340.24
16.29637,102.12226,347.92
16.2972,101.85835,330.08
16.29793,101.86256,342.03
16.29845,102.11189,338.22
16.30293,99.1461,340.08
16.30379,99.15069,342.07
16.30468,99.15549,336.32
16.30518,101.20304,344.35
16.30823,99.14954,349.69
16.31004,99.15925,331.08
16.31095,99.16414,340.89
16.31537,99.16285,337.65
16.31563,101.28415,344.31
16.31857,101.27793,342.19
16.32677,98.35853,331.37
16.34049,99.11833,337.58
16.34506,103.07291,341.93
16.346,102.96809,336.47
16.34657,98.51095,351.63
16.3638,99.52276,344.35
16.36746,99.21083,341.86
16.36843,99.21593,348.15
16.37172,101.90437,335.99
16.38489,98.63428,339.7
16.40001,98.33026,331.82
16.40006,101.82665,332.15
16.40019,99.18764,353.28
16.40046,98.33294,342.58
16.40055,97.97586,354.33
16.40067,98.4632,338.36
16.40167,98.46848,339.3
16.40207,99.02323,345.61
16.40271,98.47398,346.35
16.4043,97.96924,348.32
16.40539,97.97485,346.6
16.40731,98.44686,340.4
16.40771,98.44444,344.51
16.41045,98.43767,338.9
16.41131,98.44223,343.33
16.41167,99.24876,333.27
16.41168,98.43982,356.26
16.41254,99.25342,344.78
16.41426,99.57747,350.06
16.41447,99.57648,343.11
16.41527,99.58086,342.29
16.41528,98.43748,367
16.41565,98.43515,339.6
16.41759,99.18142,334.61
16.41771,99.10713,332.46
16.41967,98.46073,349.15
16.42012,98.45802,340.66
16.43614,99.18139,333.41
16.43683,99.1851,345.85
16.43755,99.18892,345.55
16.44198,99.18784,341.52
16.44295,99.18193,331.92
16.44444,99.18968,335.86
16.4457,99.1829,334.06
16.44642,99.18674,344.53
16.44895,98.60545,356.8
16.45109,99.17596,344.91
16.45121,98.60278,341.44
16.45159,98.18916,331.35
16.45206,98.60726,350.05
16.4533,99.18752,345.71
16.45389,99.17698,352.1
16.4553,99.18462,367
16.45606,99.18872,334.27
16.45699,99.18256,367
16.45854,99.20222,330.64
16.46029,99.19983,332.13
16.46176,101.3113,339.85
16.47264,99.21598,336.82
16.47352,99.22056,344.88
16.47437,99.22502,333.12
16.47514,101.24933,344.8
16.47791,99.09699,334.67
16.47992,99.08294,342.56
16.4831,98.5825,331.84
16.48459,99.08295,342.52
16.49265,104.47118,347.24
16.4929,99.15164,349.79
16.49724,99.15001,342.17
16.49829,99.1309,335.99
16.49939,104.60079,341.19
16.53445,99.37244,342.26
16.5471,98.99018,340.87
16.55097,99.15631,338.1
16.55162,98.98929,332.64
16.56411,99.31037,331.4
16.56796,99.20635,335.95
16.59943,102.40359,336.85
16.60019,102.40809,343.92
16.60238,102.40443,356.91
16.61169,101.72736,337.16
16.61256,101.73229,336.94
16.62294,101.72426,334.93
16.64802,101.38583,346.11
16.65097,101.37991,343.12
16.65854,104.24036,336.56
16.65915,104.2442,330.76
16.68524,101.81208,330.52
16.71915,101.80824,336.82
16.72365,101.8558,336.62
16.72444,101.8588,334.16
16.75497,101.49466,338.51
16.75623,101.49665,331.21
16.79578,101.4054,333.45
16.80469,103.31372,343.36
16.83532,102.12015,339.28
16.8384,101.9806,350.76
16.84593,100.79707,344.63
16.86063,101.8195,343.57
16.8608,104.60356,340.42
16.86447,101.81917,347.16
16.8683,101.81879,339.24
16.87095,100.74932,339.81
16.87209,100.80121,355.41
16.87286,104.28946,334.54
16.87626,104.28895,346.48
16.89263,103.84818,338.16
16.89366,101.47861,330.27
16.89839,101.48291,337.21
16.90256,101.70599,331.87
16.90381,101.70808,346.52
16.90393,101.26529,338.06
16.9053,101.69946,334.76
16.90629,101.70496,338.29
16.90661,101.70146,338.6
16.90754,101.70692,339.47
16.90783,101.26456,340.5
16.91499,101.53191,335.93
16.91973,103.81914,334.7
16.92182,101.52573,333.01
16.93048,101.70885,345.65
16.93727,101.43277,339.28
16.94113,101.43208,335.43
16.94199,102.52885,336.63
16.9422,102.52785,335.88
16.94458,101.54279,334.51
16.94568,101.66153,336.66
16.95477,101.89095,333.87
16.9631,100.82439,337.57
16.9681,101.35551,344.49
16.97061,101.5561,334.16
16.97291,104.85386,333.13
16.97481,101.09918,333.76
16.97569,101.10419,342.61
16.97773,101.57442,348.67
16.97856,101.57921,333.79
16.98012,103.63405,336.28
16.9827,101.09793,330.58
16.98583,101.09273,341.66
16.98667,101.09749,331.12
16.99962,101.3077,338.69
17.00896,101.49544,337.34
17.01077,101.55022,355.83
17.02212,101.50265,341.24
17.02298,101.50752,367
17.02329,103.7683,346.06
17.02517,101.40726,337.81
17.02591,101.50172,345.68
17.02679,101.50669,343.55
17.03035,101.2542,337.57
17.039,102.17619,335.62
17.08404,101.58596,336.45
17.11077,101.74072,335.94
17.11158,101.74538,350.7
17.11241,101.75018,354.19
17.39168,104.93535,338.12
17.4598,104.85258,335.36
17.47141,103.81438,349.35
17.47984,103.88847,356.13
17.48841,104.79485,334.36
17.49175,104.79427,333.22
16.4542,97.99342,339.34
16.5,97.81573,338.02
16.50028,97.98151,344.74
16.53661,96.57632,336.88
16.56691,96.35461,367
16.57607,97.8411,347.92
16.65399,99.02885,341.54
16.66184,99.04546,336.21
16.66564,99.04091,344.03
16.69403,99.0677,331.9
16.72535,96.30077,338.74
16.72606,96.30431,332.31
16.73066,99.03961,350.8
16.73286,98.72773,340.26
16.73371,98.73215,356.04
16.73437,99.03451,353.82
16.7351,99.03842,344.44
16.75654,99.49599,343.38
16.76987,97.30019,332.14
16.77048,97.30323,332.62
16.78133,99.45927,343.4
16.80248,98.42134,350.49
16.80642,98.34026,341.83
16.81482,98.33316,337.97
16.81603,98.36508,367
16.81641,98.03481,334.32
16.82071,98.36411,339.33
16.82434,99.49632,350.37
16.8407,97.24506,333.73
16.84132,97.24811,330.85
16.84251,98.31935,348.49
16.8431,97.24663,339.48
16.84827,99.1148,345.25
16.88378,97.77102,344.16
16.89964,98.28651,335.74
16.92155,98.32455,349.04
16.92184,98.47834,341.73
16.92601,97.93559,343.34
16.9427,98.35912,332.95
16.94631,98.41607,346.6
16.9479,98.93423,331.9
16.94821,100.50684,331.27
16.94913,98.41879,342.73
16.95949,98.94585,337.39
16.96025,98.94982,343.05
16.96052,98.95707,352.7
16.96103,98.95383,344.82
16.96184,98.9581,341.95
16.96247,99.58619,338.23
16.96326,98.94114,355.34
16.96447,99.58776,336.02
16.96556,98.95317,347.77
16.96639,98.95745,350.48
16.97095,98.95688,337.2
16.9775,98.94234,332.59
16.97833,98.94669,337.75
16.98568,100.82719,342.27
16.98903,100.82288,348.87
16.98966,100.82639,350.43
16.99367,98.85514,338.69
16.99922,99.55816,354.95
17.00002,99.56245,344.12
17.00098,100.82046,342.17
17.00625,100.8268,340.69
17.00958,100.82237,340.19
17.01023,100.82596,342.53
17.01318,99.60899,341.52
17.0386,99.62574,336.51
17.04103,99.41936,340.96
17.04119,99.4201,337.82
17.04236,101.23085,348.34
17.04298,101.2334,341.39
17.04325,100.22329,335.7
17.04474,101.01797,342.67
17.04625,101.23012,345.64
17.04659,100.63537,337.73
17.04685,100.63589,347.17
17.04688,101.2327,349.63
17.04716,101.23536,335.64
17.04726,100.63902,341.91
17.04749,100.63955,341.41
17.05128,100.63823,340.4
17.05195,100.64188,356.01
17.05285,100.71693,336.3
17.05348,100.72047,342.58
17.05425,101.2736,336.5
17.05426,101.27631,341.79
17.05518,101.27876,338.16
17.0556,98.85418,351.57
17.05597,100.64101,367
17.05801,100.60651,330.32
17.05997,100.64009,354.09
17.06222,98.45457,333.73
17.06383,101.37131,334.31
17.06398,100.63922,346.03
17.06416,98.42561,341.04
17.06651,98.42735,346.71
17.07051,98.22407,356.07
17.07126,98.42696,336.75
17.07794,98.31235,331.09
17.08262,98.31141,338.17
17.08555,101.04147,347.31
17.08727,98.31032,334.79
17.09196,101.28266,345.3
17.09234,100.89434,336.85
17.09345,100.89143,342.79
17.09525,98.22556,330.65
17.0963,100.89355,339.1
17.09675,98.69945,339.23
17.09866,96.12106,338.09
17.10071,98.91878,334.38
17.10292,98.90583,334.62
17.104,101.39538,342.25
17.10437,98.91348,340.38
17.11714,98.18655,341.27
17.1176,98.18422,347.14
17.12513,97.53164,336.41
17.12534,97.53095,337.16
17.12601,101.4074,338.64
17.12624,97.53738,342.67
17.12649,97.53669,342.1
17.12735,97.54314,339.31
17.12764,97.54243,339.64
17.13138,98.38821,339.12
17.1336,100.60869,333.56
17.13947,101.27951,335.6
17.1405,98.95683,349.16
17.14129,98.96099,367
17.14232,98.89191,345.99
17.14265,101.45691,339.07
17.14354,97.54521,341.97
17.14383,101.44099,332.53
17.14407,98.90125,348.36
17.14618,98.00384,336.16
17.14762,101.32623,336.2
17.14778,98.97084,335.49
17.14779,98.89625,333.12
17.14806,98.8931,338.31
17.14818,101.28352,350.62
17.14847,101.37672,341.93
17.14861,98.9006,367
17.14891,98.89751,338.68
17.14974,98.90178,342.93
17.15209,101.28302,334.8
17.15225,98.91473,337.3
17.15277,101.28524,331.28
17.15335,98.42751,343.09
17.15391,98.90399,347.6
17.15409,98.73018,337.67
17.15426,98.901,337.74
17.15507,98.90518,343.27
17.15644,98.66862,338
17.15767,98.89915,349.55
17.15768,98.72431,350.89
17.15801,98.89622,348.04
17.15845,98.90335,344.29
17.1588,98.90035,367
17.16108,98.66809,342.53
17.16144,98.89439,367
17.16219,98.89843,335.82
17.16254,98.8955,344.4
17.16328,100.70573,331.23
17.16337,100.40137,341.24
17.16362,101.39518,337.44
17.16396,100.70963,332.16
17.16447,101.40011,333.11
17.16456,100.70595,330.57
17.16668,98.89743,333.05
17.16743,101.39426,342.91
17.16747,98.9017,332.12
17.16829,98.9061,343.26
17.16863,98.90289,347.27
17.16919,100.61765,331.21
17.17936,100.84372,337.41
17.18333,101.29945,338.64
17.18457,98.86433,339.73
17.18935,101.40617,344.73
17.19021,101.41117,333.3
17.1908,101.40802,349.53
17.19306,101.37621,330.86
17.19602,97.39431,331.83
17.19605,97.47379,336.71
17.19653,97.47186,334.87
17.19695,101.37568,330.18
17.19782,101.38055,335.79
17.1991,99.19661,342.64
17.20163,99.94611,332.67
17.20286,99.60294,338.07
17.20366,99.60719,353.12
17.20382,101.36957,331.78
17.20676,101.36373,333.2
17.21106,101.25285,335.24
17.21164,99.43477,340.14
17.21195,101.25786,337.86
17.2125,98.96175,335.03
17.21293,101.39846,342.04
17.21336,98.96629,341.11
17.21487,97.35826,335.14
17.21965,96.68777,367
17.21983,101.39256,335.11
17.22031,96.69105,335.35
17.22189,101.08563,337.77
17.22284,101.38713,331.8
17.22328,102.07463,342.13
17.22369,101.39191,355.48
17.2241,101.30406,351.34
17.22538,98.80801,337.37
17.22618,102.06934,339.92
17.22677,101.02426,342.49
17.22698,102.07397,342.02
17.22761,101.02564,343.21
17.22803,101.3037,346
17.22859,97.87332,341.68
17.2289,101.30864,354.99
17.23031,97.72797,331.71
17.23139,97.73354,349.35
17.23438,98.9547,338.67
17.23553,101.02777,348.37
17.25147,99.31104,336.14
17.25254,98.19644,331.24
17.25615,101.02955,346.54
17.25713,98.01926,333.15
17.27275,100.96321,339.4
17.27495,101.43564,334.03
17.27582,98.44962,334.36
17.27672,100.96264,351.59
17.27762,100.9677,335.84
17.27808,101.30834,337.53
17.27923,101.2999,335.11
17.28009,101.3049,340
17.28109,99.3479,335.96
17.28156,99.18103,346.75
17.28225,98.96262,330.05
17.28325,98.96804,338.15
17.2847,98.96436,342.55
17.28799,98.42595,336.24
17.29072,98.42693,336.99
17.29147,102.46987,339.21
17.29216,98.12347,331.1
17.29655,100.95969,333.03
17.29807,101.21889,336.62
17.29965,100.95419,340.49
17.30306,101.31425,342.47
17.30364,100.95374,350.08
17.30451,100.95867,336.22
17.30761,100.95322,350.86
17.30945,98.92402,338.46
17.30985,101.55181,334.27
17.31042,98.92912,335.17
17.31048,100.88739,330.63
17.31114,101.55352,341.52
17.31128,98.93359,346.73
17.31586,98.93329,338.35
17.31665,98.93743,342.8
17.31831,98.60503,342.95
17.31841,100.93087,335.28
17.31857,100.95408,347.3
17.31934,100.93598,353.69
17.31945,100.95112,330.83
17.3197,98.60635,330.9
17.31998,101.34225,335.64
17.32037,100.95632,349.02
17.32042,100.93331,356.86
17.32132,100.93844,335.67
17.32209,98.94159,345.08
17.32225,101.21965,341.57
17.32339,100.95825,341.24
17.32613,101.21896,348.51
17.32668,98.94138,344.89
17.32731,99.23333,339.78
17.32736,100.95765,331.22
17.3284,101.03058,332.61
17.32887,101.02803,337.58
17.32889,99.36201,336
17.32921,101.05728,335.14
17.32944,101.05441,333.71
17.32946,99.12541,343.71
17.3296,100.92506,333.51
17.33038,101.49017,338.32
17.33051,100.93011,351.43
17.33195,101.29736,340.4
17.3326,101.48042,346.61
17.33342,101.48505,344.51
17.33358,100.92451,344.61
17.33406,101.03943,338.18
17.3345,100.92959,350.49
17.33575,101.29629,333.26
17.33665,101.30136,342.01
17.33743,101.01327,341.96
17.33801,101.01077,334.97
17.33831,101.01812,338.4
17.33886,101.0156,335.26
17.34325,98.00485,339.92
17.34507,100.64515,333.43
17.34972,100.64795,331.08
17.34981,98.94102,332.53
17.34995,97.98864,337.47
17.35457,101.04089,347.39
17.3549,96.55035,331.11
17.35782,96.6735,330.07
17.35945,101.04547,347.12
17.35953,100.95556,340.53
17.36236,101.49281,348.27
17.36325,100.9989,331.17
17.36409,101.0036,330.8
17.36429,97.98613,340.17
17.36757,100.28162,337.39
17.36926,101.07748,337.2
17.37536,100.55506,333.56
17.37587,101.47993,347.84
17.37614,100.55933,336.89
17.38285,97.7473,336.76
17.38298,100.41297,331.61
17.38609,101.53854,334.72
17.38688,97.52509,332.78
17.38765,101.41153,336.57
17.38927,100.87067,332.08
17.39016,100.87569,338.24
17.39055,100.99274,333.68
17.39057,101.5417,349.31
17.39146,101.41064,342.98
17.39226,99.38433,340.99
17.39252,101.4073,336.05
17.3944,101.40479,342.08
17.39633,101.40644,344.46
17.40074,99.13911,346.8
17.40217,100.98967,330.48
17.40711,101.0861,345.08
17.41042,101.0363,341.56
17.41391,98.58599,340.59
17.41474,98.5884,347.54
17.41475,98.59026,340.6
17.41631,100.43456,335.16
17.42041,101.48705,348.29
17.42192,101.48325,337.15
17.4224,99.16548,340.57
17.42287,101.48858,339.18
17.42329,99.1701,338.59
17.42426,99.16744,351.86
17.42448,100.43327,341.02
17.42508,100.48345,336.24
17.42514,100.4604,335.34
17.42743,101.35867,336.22
17.42852,100.43237,344.72
17.42908,100.45893,331.44
17.42912,100.43571,345.4
17.42923,101.50217,336.03
17.4302,100.9235,336.96
17.43081,98.57529,338.6
17.43111,100.9285,333.92
17.43155,100.92572,343.58
17.43169,98.5798,341.32
17.43174,98.57801,352.49
17.43296,101.50105,332.85
17.43435,101.05745,332.53
17.43528,101.42525,334.92
17.4381,100.92213,337.31
17.43838,100.60423,341.62
17.43852,99.20183,335.82
17.44003,99.20361,337.33
17.44936,101.30284,344.39
17.45005,101.4418,345.65
17.45171,100.9299,336.9
17.45581,100.90742,335.23
17.459,101.0825,330.11
17.46615,100.96497,347.02
17.47091,100.96889,335.4
17.47148,99.01369,333.77
17.47164,100.46613,332.03
17.47302,100.45078,331.09
17.48004,101.31925,330.3
17.48166,100.73114,332.66
17.48172,100.31373,335.38
17.48174,101.32903,337.56
17.4822,101.39991,337.47
17.48394,101.31886,356.51
17.48514,101.31593,348.36
17.48519,97.89942,345.98
17.48602,101.32085,344.96
17.48605,100.75593,347.01
17.48942,100.98164,340.18
17.49021,100.98611,332.72
17.49203,100.11158,330.31
17.49235,99.31796,333.59
17.49324,100.91183,331.76
17.49367,100.11143,330.1
17.49389,100.58771,330.63
17.4939,97.89507,331.36
17.49455,100.59136,339.79
17.49521,100.595,342.49
17.49869,101.16918,339.24
17.49956,101.17404,331.22
17.50064,100.57918,339.99
17.50281,100.98858,332.33
17.50469,100.57854,332.31
17.50504,100.97832,341.44
17.50632,101.37936,339.59
17.50874,101.38116,340.94
17.50922,100.86388,336.08
17.51094,100.86107,346.03
17.51247,96.47346,353.39
17.51408,99.38557,335.29
17.51533,98.64571,334.41
17.51748,96.2655,341.63
17.51879,98.63911,331.89
17.51966,98.64371,340.34
17.52277,100.60955,334.15
17.52341,100.61308,330.04
17.52431,97.07304,367
17.52649,101.28041,347.2
17.52943,100.57743,330.01
17.53199,101.01637,331.17
17.53833,98.66768,333.33
17.53896,101.056,334.49
17.53904,101.50677,345.5
17.53949,97.14926,351.55
17.54059,101.38228,332.47
17.54197,101.0502,336.56
17.54589,100.94117,331.02
17.5518,100.83871,337.75
17.55667,100.9334,332.88
17.55937,100.25903,343.12
17.56361,96.30186,330.61
17.56384,101.98324,343.86
17.56424,97.14272,342.94
17.56424,99.31358,333
17.56776,101.37939,335.24
17.56828,97.13993,208
17.5686,99.31278,343.33
17.56865,99.31606,342.7
17.56868,97.13882,347.43
17.56882,97.14258,356.94
17.56921,97.14149,208
17.56936,97.14522,332.42
17.56945,100.80035,346.86
17.56973,97.14412,367
17.5727,97.13607,336.32
17.57537,100.60229,339.35
17.57741,97.2882,332.48
17.57891,97.29581,339.72
17.57932,100.60118,339.27
17.58078,101.06721,335.91
17.5832,101.1031,343.5
17.58385,97.1396,367
17.58467,101.06647,332.8
17.5855,101.23077,343.55
17.58605,97.27763,330.48
17.58606,97.27975,349.87
17.58641,100.80368,335.32
17.58653,101.23284,347.55
17.59292,101.02248,335.53
17.59398,100.40228,337.6
17.59468,100.40614,341.47
17.59542,100.41021,339.84
17.59547,97.8305,307.3
17.59571,100.43482,342.65
17.59646,97.8356,342.62
17.5974,100.39802,337.36
17.59876,97.82842,310.59
17.59881,100.38264,333.09
17.59953,100.40974,344.33
17.59985,97.83388,367
17.60027,100.41381,332.73
17.60086,100.39397,338.31
17.60134,97.83513,347.81
17.60143,100.37395,337.22
17.60154,100.39771,332.78
17.60347,101.26054,335.83
17.60508,100.41719,340.76
17.60563,98.28567,334.5
17.60739,101.05834,331.58
17.61077,102.10171,333.19
17.6111,101.01122,349.59
17.61194,101.01591,334.85
17.61445,102.10103,343.84
17.61507,101.01086,339.5
17.61521,102.10545,336.77
17.61658,99.37604,346.52
17.62029,103.70004,338.38
17.62333,99.07285,337.92
17.62373,100.92247,331.41
17.6245,99.9787,332.1
17.62559,101.07021,333.3
17.62561,99.06939,332.98
17.62687,98.39425,346.64
17.62759,100.92132,334.88
17.62788,100.88278,335.91
17.62952,99.01823,337.41
17.63005,99.98544,335.04
17.63037,99.02266,347.34
17.63148,98.39333,367
17.63395,99.01741,343.64
17.63412,99.98413,330.62
17.63426,98.99507,335.73
17.63476,99.02165,343.46
17.63561,99.04996,344.08
17.63652,99.0547,344.93
17.63685,103.99504,337.09
17.637,96.90768,332.67
17.63731,99.03495,343.75
17.63748,99.05965,330.56
17.63906,99.06792,351.59
17.63962,96.90848,333.18
17.64005,99.04919,341.31
17.64116,101.02155,332.05
17.64344,101.05742,349.37
17.64427,101.17595,333.9
17.64494,99.76114,332.3
17.6475,98.3028,331.43
17.64877,100.95274,337.58
17.64974,100.95522,332.24
17.65306,96.68716,355.16
17.65371,96.69037,335.29
17.65728,100.93267,332.56
17.66411,97.203,348.1
17.665,100.93052,338.58
17.66641,100.34488,340.77
17.66897,100.90752,332.66
17.67296,97.19539,340.92
17.67332,100.49593,331.13
17.67341,100.49525,332.19
17.67381,100.91185,341.46
17.6778,101.50103,333.85
17.67866,101.50589,334.77
17.68474,97.28107,334.89
17.68557,100.40345,337.48
17.68588,97.28684,342.91
17.68748,101.48915,335.51
17.69085,97.28593,341.82
17.69516,98.45123,332.4
17.69611,100.50659,337.06
17.70242,100.40391,341.97
17.70396,104.19427,331.97
17.70612,100.91094,333.89
17.70643,103.54016,347.61
17.70797,100.92138,347.59
17.70894,100.9268,330.97
17.70988,103.53956,336.42
17.71871,100.9362,333.04
17.72081,100.97093,350.26
17.72243,99.14695,332.36
17.72453,100.9233,346.11
17.72597,100.23124,340.44
17.72663,100.23492,336.02
17.72756,98.67068,331.99
17.7288,100.23077,340.59
17.73208,98.66983,333.96
17.73215,101.26019,335.43
17.73287,98.67395,335.68
17.73293,99.29984,333.79
17.73365,98.67807,332.64
17.73416,100.22965,337.46
17.73447,98.68237,341.17
17.73814,98.79973,342.26
17.73816,104.05627,339.18
17.73894,98.80393,355.96
17.74093,104.05187,336.34
17.74155,104.05568,349.07
17.74256,98.79852,349.34
17.74335,98.80269,342.8
17.74382,99.16431,344.55
17.74396,99.16537,342.65
17.74494,104.05508,349.52
17.74767,99.82143,345.99
17.75703,98.00651,333.1
17.75752,98.00394,332.33
17.7581,101.9166,335.95
17.76065,99.37634,332.64
17.77543,99.3288,335.77
17.77632,99.31583,341.55
17.77701,99.31952,345.55
17.77756,99.31643,342.92
17.7777,99.3233,336.37
17.77825,99.32008,346.33
17.77842,99.32716,338.36
17.77971,99.32771,335
17.78205,99.32252,352.19
17.78261,99.31937,335.46
17.78283,100.59636,341.85
17.78333,99.32316,346.02
17.78347,100.59994,340.24
17.78541,99.41358,338.47
17.78666,97.97758,335.05
17.7868,100.59544,342.47
17.78706,104.88957,344.46
17.78743,100.599,339.12
17.7875,97.98189,337.35
17.78752,100.4116,340.03
17.78825,100.41554,351.79
17.78877,101.60192,337.41
17.78897,100.41949,336.3
17.78924,98.2522,330.2
17.79251,98.254,347.86
17.79485,98.25639,346.31
17.79528,98.2436,337
17.79532,100.22415,336.6
17.79542,101.59549,334.25
17.79617,101.55543,333.66
17.79625,98.24851,341.35
17.79771,98.24609,355.65
17.79816,98.25822,333.35
17.79953,98.25568,342.38
17.8005,101.53561,334.07
17.80189,98.25267,352.85
17.80602,104.00122,338.1
17.80956,101.40802,334.57
17.81476,100.62794,334.03
17.81589,98.2504,339.74
17.81634,98.86046,356.4
17.81792,101.33395,339.46
17.8197,97.26067,343.84
17.82057,101.33527,339.85
17.82174,101.33323,338.67
17.82317,98.26299,341.16
17.82375,97.25513,336.98
17.8239,101.4,345.7
17.82464,97.25964,341.81
17.82516,97.258,350.56
17.82542,101.39764,345.94
17.83327,104.62502,334.2
17.83515,100.44376,330.34
17.84651,100.6666,347.52
17.85042,100.6655,347.08
17.85196,103.19358,347.31
17.85527,100.6696,334.69
17.8564,101.52689,336.46
17.85787,101.52874,344.62
17.85931,101.52131,339.66
17.86019,101.52621,340.01
17.86032,100.69756,337.32
17.86408,100.71838,341.08
17.86548,99.42683,337.9
17.86709,99.60101,347.91
17.86959,99.82553,351.68
17.87009,99.82577,346.26
17.8722,100.9432,338.46
17.87319,99.7962,334.64
17.87334,101.82102,348.22
17.87361,99.79987,340.14
17.87394,99.80019,335.79
17.87686,103.40797,344.59
17.8774,99.79547,335.06
17.87957,99.71426,332.45
17.88036,99.71849,334.91
17.89239,99.97511,333.07
17.89659,99.97465,340.35
17.89771,100.14554,335.96
17.89843,100.14954,338.83
17.89999,101.46379,334.09
17.90084,99.97446,332.01
17.90151,99.97813,330.1
17.90244,99.97453,333.75
17.90354,99.86549,349.8
17.90376,104.41041,331.92
17.90429,99.8695,341.3
17.90938,99.98869,338.65
17.9101,99.99252,330.8
17.91373,100.72141,331.85
17.91377,99.85078,331.06
17.91491,103.40113,331.78
17.91556,103.40511,336.91
17.91574,99.99973,331.22
17.91699,97.91457,351.34
17.91704,99.93779,331.57
17.91779,97.91871,353.15
17.91869,97.9233,340.6
17.91984,100.12705,348.71
17.91986,100.19765,341.11
17.92062,100.20189,334.62
17.92079,100.59293,332.47
17.92186,101.58865,347.78
17.92268,101.59335,336.29
17.92644,101.59264,338.01
17.92748,100.70657,334.34
17.92872,100.70342,339.68
17.93387,100.18151,345.7
17.93679,100.18071,342.45
17.94245,97.14977,347.27
17.94333,98.85835,346.81
17.9442,100.12955,333.79
17.94496,100.13361,342.14
17.94848,101.49528,337
17.95136,100.71534,333.26
17.95192,98.12004,332.07
17.95228,101.49466,330.93
17.95442,97.72649,330.59
17.95577,103.38969,336.28
17.96104,100.10574,335.41
17.96418,97.87578,330.32
17.96839,99.63375,344.42
17.97192,100.76109,336.2
17.97341,99.63708,343.64
17.97448,99.96976,330.67
17.97667,100.09824,341.54
17.97769,101.99767,342.32
17.97919,101.56135,330.01
17.98041,104.45858,331.39
17.9822,102.0018,334.09
17.98366,101.5207,331.01
17.98399,100.62342,331.11
17.98429,101.48024,330.49
17.98699,104.58693,337.84
17.98776,100.45938,335.48
17.98848,100.45886,333.05
17.99124,99.49703,334.97
17.99148,101.0484,330.03
17.99381,102.06898,331.7
17.99458,101.53838,333.87
17.99656,100.45754,332.35
17.99795,104.4169,340.03
17.99886,100.49848,333.37
18.00051,100.50151,337.93
18.0022,99.92867,333.52
18.00452,100.50076,341.75
18.00531,99.92686,330.51
18.0063,99.92764,334.38
18.00783,101.99632,333.28
18.00862,102.00091,336.74
18.02223,100.23199,338.17
18.02637,104.34661,343.92
18.02917,97.78245,342.35
18.03004,97.78352,352.58
18.03718,98.07321,340.49
18.03726,100.47575,340.33
18.03901,101.24539,339.93
18.04346,103.45982,338.84
18.04725,100.3007,342.06
18.04921,97.68375,336.57
18.05001,96.50877,334.04
18.05012,98.03981,339.29
18.05068,96.51202,349.91
18.05645,100.53584,346.44
18.06042,100.53496,335.06
18.06859,102.11226,330.13
18.06892,102.11089,330.59
18.07129,101.20425,336.76
18.07421,100.33433,331.92
18.07433,100.54344,345.4
18.07674,99.91354,339.4
18.07959,98.09204,340.5
18.08009,98.08596,330.02
18.08101,98.09061,333.05
18.08248,102.10542,338.21
18.08613,102.10475,330.47
18.08902,97.70907,330.89
18.09089,100.5668,338.59
18.09348,100.35027,353.23
18.0938,99.41561,340.39
18.09805,99.4146,336.45
18.09814,99.12478,331.2
18.09853,100.28684,342.39
18.09872,97.70788,337.78
18.10055,100.59779,349.04
18.10188,100.28227,331.27
18.10252,100.28575,331.41
18.10479,100.57544,343.85
18.1052,100.27749,330.1
18.10676,100.58648,332.61
18.1086,98.00923,340.28
18.10932,101.86544,341.98
18.11095,102.09563,345.73
18.11167,102.09982,341
18.11277,100.57402,332.39
18.11295,97.83154,341.88
18.11339,101.82233,331.17
18.11382,101.51212,332.07
18.11392,100.2793,334.93
18.11408,100.00115,331.32
18.11497,102.42908,334.16
18.11551,100.00909,331.42
18.11648,100.59493,336.19
18.11656,100.58768,340.66
18.11711,101.82169,339.57
18.11755,100.59306,337.9
18.11758,101.51133,343.32
18.11762,100.06771,332.5
18.1177,101.81841,337.13
18.1187,100.58429,334.86
18.11903,100.052,332.73
18.11951,100.58884,354.06
18.12004,101.90575,336.34
18.12007,101.8167,338.24
18.12055,100.58699,343.78
18.12064,101.81341,339.13
18.12154,100.59237,332.45
18.12377,101.81591,334.61
18.12389,96.8728,334.09
18.12399,97.9133,330.7
18.12432,101.81258,336.98
18.12513,101.89101,349.24
18.12633,101.85332,333.44
18.12669,100.57563,343.42
18.12708,101.85778,334.03
18.12717,101.49941,332.23
18.12745,101.81506,336.19
18.12768,99.64587,332.41
18.12788,101.8544,347.43
18.128,101.81172,337.27
18.13051,102.07776,336.72
18.13072,99.70939,343.3
18.13128,102.08228,345.19
18.13253,101.88969,337.42
18.13271,104.37779,341.38
18.13334,97.70999,334.15
18.13346,101.88609,339.07
18.13408,97.99014,333.98
18.13489,99.7084,339.05
18.13536,101.81009,344.86
18.13747,96.29921,343.57
18.13785,104.96435,331.06
18.13874,100.57398,343.53
18.14158,101.53738,331.56
18.14212,100.56997,339.16
18.1424,101.54211,342.36
18.14267,96.298,333.36
18.14275,100.57339,334.17
18.14275,101.52177,342.8
18.14651,101.52105,344.82
18.14668,97.50079,337.68
18.14794,101.85995,338.45
18.14864,101.55561,344.79
18.14943,101.56018,337.02
18.14993,101.54071,340.03
18.15114,101.52534,339.77
18.15492,101.52473,337.86
18.1562,100.71428,334.78
18.15622,102.00677,336.7
18.15674,100.5598,334.34
18.15723,101.58272,340.09
18.1586,102.00755,334.01
18.15868,101.52399,348.91
18.1618,101.58674,331.02
18.16282,101.50301,332.26
18.16397,100.55428,356.3
18.16467,100.55815,335.79
18.16705,101.52746,332.04
18.16888,99.06783,336.47
18.16928,99.06887,341.59
18.17091,101.03967,336.34
18.17158,100.92976,331.14
18.1729,101.51637,332.59
18.17322,101.51828,340.44
18.17373,101.52114,346.27
18.17407,101.52305,343.25
18.17487,101.9487,341.9
18.17499,101.5059,334.51
18.17619,99.44265,336.73
18.17748,101.52035,337.78
18.17775,101.9434,337.63
18.17782,101.52224,347.3
18.17829,101.52506,334.41
18.17855,101.94801,367
18.17934,101.95258,339.14
18.18122,101.51952,337.35
18.18155,101.52142,338.82
18.18222,101.94732,333.7
18.18414,101.51392,335.72
18.18423,96.60847,333.75
18.18445,101.51583,335.56
18.18502,104.40321,335.74
18.18785,99.66798,343.01
18.18836,101.55962,331.5
18.18924,102.2688,340.5
18.19237,102.37549,331.78
18.19281,101.51914,333.43
18.19366,102.27293,340.36
18.1945,101.84239,337.58
18.19515,101.77966,331.62
18.19649,97.82885,341.6
18.19884,101.77883,331.71
18.20229,101.1953,331.85
18.20315,100.42181,339.81
18.20436,96.0266,334.9
18.20525,102.2753,355.84
18.20547,102.27613,367
18.20597,96.02546,330.02
18.20597,102.27958,367
18.20616,101.50669,331.49
18.20668,102.32806,333.2
18.20714,102.3288,342.75
18.20895,102.3858,348.23
18.21075,102.32809,333.09
18.211,102.33161,335.86
18.21431,97.99378,340.89
18.22097,97.55875,332.59
18.22624,102.00471,337.76
18.22699,101.1553,331.93
18.22704,102.00935,367
18.22937,102.28495,335.41
18.22991,102.00403,338.42
18.23045,97.55611,343.45
18.23054,102.37807,347.79
18.2307,102.00866,367
18.23073,101.79852,333.68
18.23191,99.06477,348.93
18.23414,102.3774,346.92
18.23436,102.00797,341.87
18.23545,101.15145,333.2
18.23976,97.92464,330.62
18.24217,99.16696,334.68
18.24356,100.32444,337.87
18.24488,100.66269,336.2
18.24701,100.65991,335.78
18.24708,99.7526,335.84
18.24759,100.3236,337.55
18.25922,99.91121,334.57
18.26409,99.93751,341.38
18.26441,97.31049,339.36
18.26781,97.31145,345.93
18.26892,104.65877,330.17
18.26917,101.57865,334.41
18.27209,101.57317,349.76
18.27419,97.25822,347.53
18.27785,97.49161,332.15
18.27874,97.79833,330.18
18.27918,101.59181,340.28
18.27999,101.59648,333.13
18.28042,104.98825,336.99
18.28079,100.43839,340.85
18.28346,97.59664,342.17
18.28374,101.59582,349.25
18.28829,101.59977,332.79
18.28907,99.29769,337.32
18.2892,101.25323,336.42
18.2894,98.23022,342.77
18.29022,103.73031,335.71
18.29038,101.58948,352.78
18.29122,101.59437,335.98
18.29827,101.48091,336.13
18.30431,101.55865,346.89
18.30494,99.95059,334.53
18.30593,101.52405,340.47
18.30755,104.53452,331.3
18.31042,101.1946,331.61
18.31115,101.64066,336.45
18.3131,96.41442,333.41
18.31492,97.53503,331.98
18.31673,97.53682,339.27
18.31754,99.20599,342.54
18.31761,101.41404,331.47
18.31812,98.32968,337.2
18.31826,99.20978,344.56
18.3185,101.41911,337.01
18.31887,96.41623,337.77
18.31966,97.53371,331.44
18.32187,99.20519,338.85
18.32262,99.20914,342.79
18.32267,100.11762,340.45
18.32491,97.43473,347.91
18.32588,97.43957,341
18.32621,99.2045,348.31
18.32893,100.54633,340.58
18.32978,100.55107,335.68
18.33094,100.54867,341.65
18.3319,101.40654,339.51
18.33236,96.50724,357.03
18.33266,97.94761,339.29
18.3332,100.86674,340.96
18.33444,96.25536,330.79
18.33509,101.2905,337.84
18.33512,96.25867,334.44
18.33564,101.27118,343.23
18.34036,101.27568,333.12
18.34184,100.54092,331.8
18.34535,99.97197,330.05
18.34752,103.89012,334.19
18.34906,101.6151,330.71
18.3499,101.61987,334.01
18.35088,100.3644,330.27
18.35179,97.64414,335.9
18.35188,101.60921,330.91
18.35284,101.11035,335.83
18.35433,101.81996,301.8
18.35587,101.01599,338.94
18.35676,102.08773,344.27
18.3584,101.60234,339.37
18.3588,101.8237,332.93
18.35927,101.60732,352.92
18.35967,102.08278,352.78
18.35998,101.41099,338.46
18.36012,104.18554,333.82
18.36106,101.61758,333.42
18.36212,104.70701,345.74
18.36432,103.8833,339.76
18.36546,104.70648,343.8
18.36625,102.07727,334.99
18.37268,98.20155,341.5
18.37464,101.58475,335.37
18.37577,100.0211,336.44
18.38217,99.42936,335.33
18.38218,101.62825,338.89
18.38299,101.63292,341.51
18.38581,101.58237,348.07
18.38608,102.75468,346.76
18.38953,101.58153,338.61
18.39034,101.58622,337.75
18.39117,101.59104,351.85
18.39168,101.79354,340.36
18.39179,101.75011,346.95
18.39582,101.30711,334.65
18.40033,101.46437,335.55
18.40607,104.58252,340.22
18.40942,104.58201,340.82
18.41001,104.58573,335.62
18.4103,101.56757,336.1
18.41434,101.09909,331.48
18.41619,104.29925,351.8
18.42376,101.59641,333.15
18.42459,101.33696,336.88
18.42668,101.59106,367
18.42912,100.40041,332.73
18.43043,99.20373,335.7
18.43126,101.59516,351.67
18.43739,97.92743,340.17
18.43789,101.58902,332.05
18.44087,101.04092,332.36
18.44096,100.39729,342.85
18.44147,101.71832,331.74
18.44517,101.71756,339.46
18.44853,104.36119,336.52
18.44945,100.33033,332.05
18.45031,104.37232,333.94
18.45354,100.37549,345.21
18.45423,100.37925,334.42
18.45523,101.59994,335.64
18.4594,101.1441,341.62
18.45984,101.60422,347.55
18.46064,97.82144,333.14
18.46118,101.89501,367
18.46125,104.39765,336.96
18.46153,97.8236,353.2
18.4616,97.82638,340.72
18.46209,101.89333,367
18.46227,101.23829,338.23
18.46363,104.5343,334.09
18.46456,101.87104,353.83
18.4646,104.39708,339.46
18.46531,100.23406,344.3
18.46533,97.82036,335.3
18.46624,97.82265,356.29
18.46629,97.82532,355.33
18.46721,97.82749,353.1
18.46723,97.83017,355.56
18.46819,97.83238,344.67
18.46819,101.60792,334.67
18.4719,101.86961,335.18
18.47291,97.83427,331.27
18.4755,101.84672,338.73
18.47653,101.61159,348.97
18.4772,97.95722,332.38
18.47849,101.60072,335.05
18.47937,101.60575,349.08
18.48407,100.2918,331.29
18.48524,102.05354,336.97
18.48856,101.68076,347.05
18.48969,102.21075,348.03
18.492,102.24631,344.49
18.49259,102.20583,347.27
18.49343,99.67596,335.09
18.49396,97.56496,330.75
18.49402,99.67629,333.63
18.4965,100.58926,349.36
18.49808,100.32352,337.72
18.49837,104.56629,334.62
18.49889,104.17949,336.41
18.50109,100.38663,348.98
18.50155,101.64499,355.52
18.50239,104.13629,344.69
18.50468,96.68871,341.3
18.50568,101.80151,323.03
18.50581,103.48437,343.91
18.50609,101.64902,345.18
18.50778,100.8306,335.73
18.50937,101.8008,331.6
18.51284,101.20049,335.3
18.51489,101.70008,340.6
18.51494,102.18352,339.91
18.51691,102.14898,334.38
18.51749,101.20452,333.5
18.51813,100.43566,351.03
18.51832,101.94027,330.95
18.51873,101.14439,336.07
18.52034,99.76958,333.13
18.52437,101.62125,335.35
18.52487,101.05676,337.15
18.52532,101.62274,333.33
18.52552,99.72854,334.08
18.52602,101.20831,339.21
18.52604,101.02778,333.46
18.52611,101.25348,336.24
18.5266,101.05368,334.94
18.5269,101.258,342.17
18.52711,101.02526,336.88
18.52949,101.36156,343.62
18.52996,101.29768,330.7
18.5305,101.70177,332.53
18.5313,101.70647,347.76
18.53163,101.63663,343.05
18.53189,101.70306,346.77
18.53202,99.74018,335.59
18.53216,103.15488,334.6
18.53274,101.70781,337.16
18.53313,97.81441,331.19
18.5332,100.42168,356.79
18.53325,101.3608,336.22
18.53404,100.57071,333.13
18.53503,101.70589,337.27
18.53507,104.34233,337.6
18.53577,101.28615,349.02
18.53659,101.29083,355.93
18.53802,100.57007,333.18
18.53885,101.2366,332.57
18.54044,101.29047,330.73
18.54126,101.29514,333.4
18.54195,100.49146,334.92
18.54197,100.56928,347.12
18.54325,101.70927,338.69
18.54362,97.18204,346.48
18.54465,100.49217,335.07
18.54466,100.51543,340.91
18.5447,101.71049,336.42
18.54509,101.03674,337.74
18.54551,100.52019,350.42
18.54607,100.51374,333.11
18.54693,100.51846,351.14
18.5478,100.52321,341.96
18.55029,100.52399,338.19
18.55049,101.06676,343.88
18.55258,100.39233,330.17
18.55425,101.34704,338.06
18.55523,101.09303,332.48
18.55615,102.18151,344.55
18.55721,101.34164,333.14
18.55743,97.20705,356.34
18.55844,101.90962,343.21
18.55846,97.20464,341.77
18.55976,102.1808,342.42
18.56021,100.61288,335.02
18.56123,100.60883,335.87
18.56397,101.96417,335.25
18.56443,101.31582,336.61
18.56539,104.11362,332.78
18.56652,100.46855,342.96
18.57324,101.9299,332.11
18.57391,101.83308,333.62
18.57566,103.28952,367
18.5759,101.93069,344.24
18.57669,100.18176,343.38
18.57861,101.59764,306.13
18.57944,101.60239,339.05
18.58119,100.52647,336.32
18.5814,101.96207,348.81
18.58224,101.96067,343.39
18.58428,101.95695,303.73
18.58507,101.96143,339.83
18.58527,101.59168,334.5
18.58591,101.96002,344.4
18.58619,101.13345,333.6
18.58742,101.96896,334.58
18.58975,101.26366,343.02
18.5898,101.59564,367
18.58989,101.15421,333.29
18.59004,100.43946,333.71
18.59018,100.30285,341.77
18.59066,100.44287,350.18
18.59107,100.53574,334.74
18.59316,101.96458,336.13
18.59378,101.15392,342.21
18.59585,100.56207,333.16
18.59722,101.34924,344.46
18.59814,101.94982,332.04
18.59826,99.4482,330.55
18.59952,101.25249,337.7
18.60257,100.62167,332.96
18.60363,101.85103,341.74
18.60374,100.5605,333.77
18.6044,100.19594,342.08
18.60452,101.1255,335.18
18.60468,100.56573,343.98
18.60633,97.24005,351.72
18.6067,100.98052,331.9
18.60841,100.19499,344.61
18.60964,98.04182,340.09
18.61044,98.03742,347.8
18.6113,97.23954,345.25
18.61241,97.24503,335.23
18.61308,98.03497,343.34
18.6183,100.97853,332.32
18.6187,98.039,351.26
18.62058,98.04013,342.01
18.62692,100.48448,333.81
18.63008,100.61613,336.31
18.63041,101.67526,333.88
18.63226,100.60563,339.85
18.63786,101.67407,345.69
18.63806,98.67659,331.05
18.63977,101.67536,346.94
18.64154,101.67319,351.2
18.64166,99.51633,339.72
18.64237,99.52014,343.33
18.64261,101.66981,331.68
18.64344,101.67448,342.06
18.64507,99.83447,334.34
18.64589,99.51559,335.34
18.65012,99.51487,335.77
18.65339,99.90152,330.96
18.65342,100.37129,336.18
18.65533,97.15444,347.28
18.65688,98.03739,340.02
18.65702,97.15218,349.08
18.65721,101.76485,330.34
18.65817,100.23862,332.58
18.65868,96.57087,332.22
18.65931,96.57401,339.49
18.65961,101.76598,332.18
18.65981,99.61395,330.26
18.65994,96.57716,334.04
18.65994,103.51035,367
18.66021,97.15336,337.84
18.66053,96.56838,338.32
18.66118,96.57153,338.19
18.66175,99.78647,334.61
18.66183,96.57467,345.77
18.66636,101.36584,333.76
18.66911,99.89454,341.99
18.67202,100.60664,331.1
18.67348,100.60851,330.3
18.67901,101.26601,336.89
18.6805,101.26772,343.29
18.68279,101.26529,346.5
18.68298,100.59972,338.56
18.68923,99.67953,332.71
18.69086,98.6761,331.45
18.6917,98.70443,332.72
18.69188,101.97093,330.74
18.69277,101.97397,330.31
18.69286,97.97509,337.09
18.69288,101.76022,348.67
18.69349,100.61275,335.31
18.69366,101.76468,356.74
18.69395,96.20869,341.39
18.69398,97.98088,367
18.69462,96.212,367
18.69541,96.21238,367
18.69579,101.75507,343.58
18.69658,101.75961,342.98
18.69736,101.76408,339.73
18.69742,100.61197,352.16
18.69748,99.30406,336.76
18.69813,101.76846,348.06
18.69909,98.71902,331.41
18.69917,101.15934,349.17
18.69928,98.37369,333.26
18.70011,97.86224,337.71
18.70063,102.21857,336.4
18.701,97.85938,339.45
18.70113,97.86754,330.46
18.70114,96.40318,333.16
18.70182,101.76782,346.97
18.70296,101.1585,348.63
18.70472,101.76263,333.48
18.70786,99.80424,337.27
18.71077,102.05814,337.84
18.71112,102.05938,335.29
18.7114,100.37233,330.4
18.71151,102.06257,334.84
18.71189,102.0638,335.61
18.71197,99.80331,351.83
18.71301,96.21875,330.44
18.71338,101.1729,345.45
18.71412,101.81668,335.52
18.71859,100.52627,334.88
18.71947,100.53111,333.51
18.71967,102.7592,333.03
18.72098,96.65659,347.39
18.72434,100.53551,335.2
18.72557,101.96973,331.25
18.72875,100.14758,332.18
18.72999,101.20018,347.11
18.73032,102.08359,333.73
18.7312,99.50687,338.39
18.73167,96.63148,338.76
18.73379,101.19951,339.92
18.73395,102.08295,335.21
18.73413,100.10851,341.91
18.73528,99.55183,334.39
18.73538,99.50588,333.18
18.73663,99.78814,343.36
18.73882,99.50098,330.94
18.73885,102.06803,332.37
18.73906,99.78778,341.44
18.7393,101.20853,338.28
18.74095,104.25201,336.74
18.74218,101.24714,341.06
18.74356,101.81135,333.1
18.74555,100.96581,345.72
18.74562,96.24547,344.37
18.74598,101.2465,333.5
18.7463,96.24874,334.16
18.74866,102.48064,367
18.74898,101.24132,337.48
18.74937,102.48484,367
18.7494,101.10912,333.67
18.74977,101.24583,332.96
18.74994,102.00191,337.29
18.75061,100.45356,340.89
18.76077,96.57587,333.91
18.76202,101.09093,335.67
18.76282,100.51165,332.54
18.76348,100.35889,333.74
18.76358,101.08755,341.36
18.76513,104.24424,334.98
18.76762,100.0851,331.57
18.76857,102.06664,341.25
18.76861,101.8026,367
18.77079,103.08478,367
18.77176,101.23738,333.05
18.77487,101.3,331.47
18.77516,100.5566,347.32
18.77648,100.55336,336.67
18.77653,96.34311,330.41
18.77734,99.49712,340.12
18.77742,100.5587,331.92
18.77907,102.12792,343.1
18.78494,102.40003,367
18.78543,99.21983,344.6
18.78876,96.19244,335.61
18.7895,101.27521,336.17
18.78968,101.27303,353.27
18.79051,101.27781,342.65
18.79208,102.39871,367
18.79247,101.26994,338.18
18.79333,101.27473,343.19
18.7935,101.2725,350.45
18.79565,102.39806,344
18.79774,102.21539,334.35
18.80008,101.04855,335.81
18.80028,102.01093,332.3
18.80099,101.0537,333.12
18.80279,100.90715,330.56
18.80388,101.04768,357.2
18.80477,101.05268,335.83
18.80768,101.04684,354.78
18.81198,98.78706,338.53
18.81433,100.90474,336.38
18.81511,99.98055,342.01
18.81586,102.45179,367
18.81787,100.2711,333.28
18.81868,102.44683,367
18.82165,102.22501,335.28
18.82204,101.34823,335.97
18.82225,102.44622,367
18.82232,96.61827,343.51
18.82454,102.2202,343.96
18.82579,97.61724,338.46
18.82626,100.13171,331.81
18.82694,100.13541,347.46
18.83109,101.24547,331.79
18.83252,97.42393,332.64
18.8345,99.68713,339.07
18.83556,97.42134,330.74
18.83741,100.89741,345.83
18.83745,100.90017,342.5
18.83796,101.39418,346.13
18.84061,100.98071,339.65
18.84178,101.39381,341.64
18.84335,101.24854,337.9
18.84665,99.52184,330.83
18.85383,103.84041,367
18.8602,101.45434,331.41
18.86875,101.43703,335.99
18.87194,97.30297,341.52
18.87374,96.84498,343.76
18.87695,97.16233,338.96
18.87852,100.72472,333.11
18.87869,102.09898,338.15
18.87943,97.16254,342.27
18.88018,102.85374,290.64
18.88367,102.85307,367
18.88473,101.39571,333.6
18.88553,101.40033,331.78
18.88648,101.31671,330.81
18.88931,100.71745,331.12
18.89008,100.63392,346.97
18.89026,100.72282,332.65
18.89058,100.76987,336.68
18.89106,100.63611,341.44
18.89157,101.30123,339.73
18.89235,104.145,342.99
18.89242,99.72123,330.44
18.89288,101.26955,332.56
18.89322,100.71679,338.73
18.89399,100.63314,334.54
18.89755,101.27382,331.84
18.89839,101.2785,334.83
18.89896,101.27661,349.09
18.90044,100.5352,339.56
18.90131,100.53997,345.93
18.90528,100.53937,347.76
18.90834,100.53381,337.29
18.91605,99.98621,344.09
18.91822,101.32405,333.71
18.91945,98.66237,331.86
18.92264,100.59012,334.02
18.92306,101.04295,332.77
18.92393,101.04787,345.19
18.92773,101.04703,347.27
18.93308,96.25745,332.72
18.93366,103.10966,331.24
18.93424,102.20684,332.46
18.93551,99.53017,337.02
18.93969,99.52933,331.19
18.94149,97.99663,337.8
18.95606,96.08149,343.64
18.96092,101.30186,333.55
18.96313,99.96724,343.4
18.96628,104.18944,335.01
18.96647,97.25484,339.15
18.97171,99.72279,333.02
18.97226,101.21094,333.71
18.98299,101.16578,330.41
18.98917,100.47243,332.87
18.99513,101.58452,367
18.9963,96.17191,346.53
18.99689,96.17351,346.99
18.99701,96.17538,367
18.99761,96.17694,346.86
18.99879,101.18822,340.01
19.00718,101.65338,367
19.02743,100.97366,337.36
19.02821,101.6208,344.32
19.03189,101.61997,337.89
19.03652,96.13029,367
19.03807,96.21529,367
19.04086,102.73372,367
19.04757,97.16908,332.86
19.05195,101.62566,311.43
19.05277,101.63042,355.95
19.05357,101.63509,338.97
19.0598,97.99381,333.01
19.06869,96.10249,351.77
19.06938,96.10583,367
19.07128,99.09833,338.92
19.07388,96.10136,286.72
19.07456,96.10469,367
19.07563,101.44551,340.71
19.07934,101.44473,343.88
19.08013,101.44924,356.2
19.0813,101.41206,333.21
19.08684,101.44356,341.68
19.09786,96.19187,349.44
19.09805,97.49557,334.33
19.09853,96.19514,333.54
19.099,101.40296,332.2
19.10755,100.50143,343.28
19.11774,102.67475,297.92
19.11842,102.67881,367
19.11863,97.25527,342.1
19.12127,102.67424,291.38
19.12388,98.80698,331.61
19.12433,101.39335,333.51
19.12474,96.26192,338.6
19.12524,100.44199,334.36
19.12541,96.26509,331.91
19.12745,97.46929,334.01
19.12843,96.26269,347.67
19.13104,101.40782,337.74
19.13125,101.41101,337.73
19.13189,101.41255,339.54
19.13308,102.55452,367
19.13332,96.77439,339.96
19.13417,96.77655,349.76
19.13565,101.41204,336.17
19.1358,101.41505,336.73
19.13829,96.77336,341.74
19.1383,97.20351,330.21
19.13914,96.77549,367
19.1395,96.77921,351.45
19.14005,96.9859,331.87
19.14032,96.78141,338.6
19.14158,101.47073,334.66
19.14281,102.04457,332.05
19.14416,97.94479,330.85
19.14556,97.94241,341.45
19.14765,97.14993,334.13
19.15869,96.19321,350.24
19.15934,96.19631,352.98
19.16001,101.44064,344.45
19.16129,101.42617,344.22
19.16234,100.5122,352.18
19.16425,103.08471,334.54
19.16471,101.40199,330.74
19.16762,96.05383,340.22
19.1683,96.05711,334.21
19.16879,101.4685,338.57
19.17098,100.14368,334.72
19.1717,101.46318,347.83
19.17215,96.18022,367
19.17298,101.40515,336.71
19.18506,101.40809,331.79
19.18764,101.29082,332.65
19.18835,96.43816,367
19.19024,101.45942,338
19.19262,96.73476,354.34
19.19454,97.48227,341.14
19.19993,101.51453,339.97
19.20297,101.02762,334.63
19.20474,97.04664,334.36
19.20667,99.46866,331.5
19.20813,101.01246,334.02
19.21747,97.76655,342.75
19.22083,101.52457,330.99
19.22135,97.7617,343.59
19.22223,97.76609,335.32
19.22338,97.75948,334.05
19.22422,97.76378,367
19.22615,97.76144,350.89
19.22667,101.51412,333.48
19.22938,99.592,345.57
19.23188,96.12864,336.82
19.23236,102.73537,340.61
19.23584,96.974,336.18
19.23651,97.15282,333.11
19.23704,96.12749,330.73
19.23863,97.93774,337.31
19.2392,98.83855,346.66
19.23996,101.76514,345.23
19.24073,100.70272,341.71
19.24281,98.85725,340.38
19.24625,98.94505,346.45
19.24958,101.77705,336.05
19.25007,96.86638,336.62
19.25087,96.86456,337.19
19.25125,97.97829,332.17
19.25326,100.30096,338.69
19.25505,100.2982,338
19.25544,97.09656,333.97
19.25706,100.28691,331.39
19.25767,96.98112,341.25
19.25831,98.93789,330.37
19.25901,100.29739,343.99
19.26015,98.04913,334.86
19.26118,100.29935,343.99
19.26188,101.44411,335.75
19.26266,101.44855,335.76
19.26576,101.78338,356.55
19.26649,101.78755,334.36
19.26941,101.78263,318.03
19.28107,101.78467,347.13
19.28513,97.29425,341.5
19.2859,100.98443,330.51
19.29154,96.93745,341.71
19.29293,100.79226,330.74
19.29308,97.20891,331.19
19.29512,101.39288,338.52
19.29673,102.00647,338.64
19.29759,97.13966,342.37
19.29787,97.2078,341.23
19.29836,101.36745,330.23
19.29979,97.14166,342.2
19.30031,102.00566,339.51
19.30239,97.12936,354.19
19.30506,97.12693,340.04
19.31131,96.93418,354.35
19.31503,102.28534,367
19.31749,100.50343,334.93
19.31851,100.50896,340.46
19.31862,102.28482,367
19.3195,96.97443,337.06
19.31951,100.51442,333.08
19.31981,97.11544,330.11
19.32107,97.47382,331.68
19.32135,100.50237,348.25
19.32196,97.18475,342.1
19.32246,100.75665,339.64
19.32335,100.51325,367
19.32377,97.18655,350.9
19.32433,100.51862,343.36
19.32452,101.5169,330.79
19.32525,96.97765,348.43
19.3262,100.50671,346.79
19.32646,96.98362,345.23
19.32718,100.51206,312.19
19.32788,96.99058,367
19.32817,100.51751,336.73
19.3292,96.99711,344.35
19.33049,97.00343,345.05
19.33284,96.98995,339.78
19.33363,98.74202,338.35
19.3343,96.99716,354.31
19.3345,97.24595,333.71
19.33502,100.42144,342.04
19.33535,96.8251,333.41
19.33556,101.05252,340.4
19.33695,101.50042,333.23
19.3378,96.98936,334.1
19.33855,96.4877,367
19.339,98.74639,331.83
19.33931,96.9968,356.29
19.34146,96.82989,355.16
19.34162,96.82898,353.85
19.34417,100.24591,332.62
19.34496,101.72133,339.1
19.34516,101.50362,333.39
19.34642,96.82901,350.28
19.34659,96.82817,350.89
19.3469,100.44203,330.01
19.34748,100.26423,346.96
19.34756,100.24185,334.39
19.35087,100.44152,330.74
19.35789,100.43536,332.91
19.35805,102.55833,283.93
19.35877,102.56255,348.95
19.35936,100.26176,334.29
19.36017,102.57078,345.97
19.36049,100.25907,338.13
19.36159,102.55775,349.77
19.36333,100.26099,333.34
19.36568,100.7235,333.06
19.36699,102.71734,367
19.37127,102.70005,367
19.373,96.57906,336.44
19.37683,100.85087,330.17
19.37958,96.23614,333.01
19.38509,98.27784,346.43
19.38686,101.65707,340.09
19.38772,102.47599,342.27
19.38949,98.27647,341.69
19.39057,100.44295,337.01
19.39223,100.44559,341.64
19.39274,99.69113,342.49
19.39334,99.69434,343.04
19.39812,101.91981,336.31
19.39906,98.15591,333.02
19.39964,96.73521,340.41
19.39972,98.15762,331.94
19.40157,98.64713,336.56
19.40163,101.09433,331.86
19.40173,101.91907,367
19.40249,101.92344,367
19.40307,100.82022,338.05
19.40379,100.47041,330.94
19.40419,96.8082,356.35
19.40464,96.73438,341.83
19.40467,101.09138,338.82
19.40541,101.0955,341.04
19.40543,101.09374,336.88
19.4062,101.09811,341.85
19.40623,101.10004,340.27
19.40695,100.81969,330.36
19.41069,102.12268,344.74
19.41089,96.04958,333.68
19.4113,101.73959,351.39
19.41131,101.93134,334.26
19.41132,101.12754,335.2
19.41155,101.12949,349.36
19.41162,96.05114,333.22
19.41207,101.7382,367
19.41283,101.74265,341.5
19.41334,101.72977,367
19.41499,101.7391,348.09
19.41575,101.73767,355.67
19.41578,101.74357,332.24
19.41579,101.93571,367
19.41652,101.74219,338.74
19.41753,100.76772,330.58
19.41867,101.73856,349.5
19.41937,96.95789,334.43
19.42272,96.94934,336.02
19.424,96.95562,367
19.42562,97.57362,367
19.42645,97.57774,337.91
19.42668,100.84127,333.31
19.42754,96.59306,331.32
19.43139,100.84541,339.17
19.43375,102.81475,337.59
19.43668,101.79827,335.09
19.4391,97.56767,338.98
19.4397,101.09058,339.77
19.4406,102.05932,332.4
19.44458,100.47186,351.47
19.44554,100.4771,331.55
19.44863,100.47184,339.32
19.44959,100.47713,330.01
19.44987,102.04836,332.76
19.45339,101.9364,350.76
19.45617,101.93096,334.3
19.45699,101.93565,347.77
19.4573,99.38945,337.3
19.46238,102.81441,338.4
19.46342,99.68222,332.04
19.46531,100.76782,341.91
19.46669,100.76978,347.5
19.47084,101.97244,349.98
19.47701,102.57548,334.48
19.47775,102.92883,367
19.47934,100.7737,345.32
19.4813,99.40187,341.68
19.48203,99.40573,349.3
19.4881,99.64375,330.71
19.48842,100.44531,333.77
19.48899,102.09824,334.65
19.48925,100.44994,332.06
19.49551,102.09312,338.8
19.49559,101.9215,342.52
19.49642,103.02036,367
19.49848,99.53959,335.55
19.49867,102.02565,334.06
19.4991,102.09245,337.3
19.49987,103.0197,367
19.50177,100.96317,333.05
19.5043,103.06818,336.28
19.50473,100.95778,346.61
19.5069,101.05648,349.65
19.50755,101.05437,334.51
19.50774,103.06753,338.02
19.50788,101.06184,332.47
19.50848,101.05973,347.94
19.5128,102.55136,347.72
19.51747,97.31919,340.07
19.52382,102.06401,334.16
19.52628,98.84995,338.49
19.52703,98.85395,367
19.52921,100.7412,347.72
19.53152,98.24771,335.83
19.53185,101.0648,331.57
19.53378,100.98813,336.11
19.53404,98.24586,350.32
19.53468,100.99318,340.83
19.53614,98.49834,334.37
19.5365,98.57147,341.47
19.53695,98.50256,340.98
19.53746,97.86993,332.09
19.53886,102.10864,335.67
19.5408,98.54639,332.03
19.54088,99.67554,341.07
19.54162,98.15674,336.77
19.54272,96.5995,352.03
19.5433,96.60228,367
19.54534,97.50803,332.5
19.54683,102.13366,344.4
19.55197,100.50672,347.92
19.55728,103.11695,332.76
19.55794,103.12093,337.61
19.55947,99.56824,335.41
19.56148,98.86486,337.23
19.56149,99.56811,340.9
19.56363,99.56759,342.91
19.56371,100.50472,336.96
19.56565,99.56746,340.83
19.56779,99.56695,341.06
19.56849,96.87205,332
19.58086,103.34395,331.09
19.58873,99.23083,339.88
19.58944,101.10337,348.35
19.58985,101.90108,335.57
19.59089,97.58997,342.87
19.59474,99.21617,330.71
19.59514,101.26765,334.26
19.59788,101.90433,343.61
19.59892,100.69942,331.2
19.60985,99.18497,338.73
19.61064,99.18907,343.5
19.61286,99.03968,335.49
19.61757,102.14754,335.27
19.61866,97.54893,332.33
19.62116,97.54552,345.94
19.62336,99.64732,367
19.62438,102.10131,343.97
19.62515,102.10577,354.38
19.6259,101.15611,346.98
19.62669,99.64236,341.49
19.62739,99.6461,341.61
19.62786,102.14304,330.34
19.63128,102.03368,335.64
19.63322,96.40778,347.67
19.63382,101.89627,345.02
19.63568,98.2318,333.15
19.63623,101.84464,338.24
19.63644,98.2297,331.56
19.63699,101.84913,352.56
19.63981,101.8437,339.28
19.64057,100.99718,330.94
19.64059,101.84828,346.77
19.65154,101.18896,346.48
19.65277,102.20248,339.3
19.65579,102.06872,337.28
19.65585,101.14798,337.48
19.65938,102.06812,338.58
19.66598,100.6469,330.67
19.6762,99.46463,330.76
19.67621,100.93291,330.52
19.67703,100.9376,347.05
19.67878,101.18962,338.41
19.68002,100.93226,344.14
19.68085,100.93695,352.74
19.68114,101.54087,330.74
19.68168,100.9417,333.64
19.68255,101.18901,331.75
19.68382,100.93153,348.44
19.68467,100.93635,340.17
19.68687,103.65031,340.86
19.68845,101.69257,367
19.68926,97.7317,348.73
19.69163,102.05547,367
19.69402,102.7226,367
19.69474,102.72681,356.51
19.69669,101.87037,335.02
19.69679,102.71774,367
19.6975,102.7219,367
19.69821,102.72612,367
19.69932,99.24207,340.16
19.70099,102.72133,367
19.7017,102.7255,321.11
19.70906,96.09702,346.91
19.70951,101.51429,331.77
19.7104,101.58369,341.52
19.71161,101.5857,334.47
19.71565,102.29232,347.62
19.71972,97.02464,341.24
19.72059,98.6553,342.28
19.72083,98.65757,346.79
19.72156,97.02617,349.18
19.72342,102.29504,340.77
19.72868,97.56322,345.45
19.72961,97.56013,338.34
19.73331,98.72132,333.67
19.73515,99.80003,348.23
19.73679,101.29988,340.48
19.73984,99.36714,331.7
19.74078,100.75253,336.67
19.74094,99.36709,332.36
19.74468,99.2506,351.72
19.74831,99.2924,342.36
19.74927,97.68137,331.63
19.75063,101.22454,333.42
19.75121,97.67918,333.08
19.75126,101.22597,333.48
19.7596,100.76922,334.05
19.76191,102.05564,354.99
19.76467,102.05008,331.73
19.76614,96.90533,335.56
19.76738,101.03408,331.71
19.77268,101.63681,331.79
19.77569,101.18979,347.3
19.77755,97.33413,338.28
19.7778,97.33136,339.03
19.77866,101.18474,349.54
19.77917,101.16579,353.79
19.77947,101.18926,356.03
19.77964,102.33259,367
19.78004,101.17072,348.17
19.78086,101.17529,344.05
19.78164,101.17973,344.62
19.7821,101.16051,345.7
19.78243,101.18414,351.42
19.78317,98.30234,347.43
19.78323,101.18868,350.12
19.78463,101.17479,342.44
19.78593,101.16029,348.19
19.78681,101.16523,353.37
19.78764,101.16992,367
19.78805,101.04071,336.06
19.78841,101.17426,334.52
19.79141,101.16936,356.33
19.79175,97.4062,331.4
19.79217,101.17364,356.44
19.79264,101.04462,353.51
19.79336,96.96503,340.47
19.79387,102.35194,341.28
19.79563,96.14316,347.46
19.79593,101.17301,347.05
19.80222,97.99225,331.13
19.80784,97.51298,350.4
19.8105,97.51537,342.73
19.81262,97.5125,349.69
19.8153,97.51498,342.17
19.81573,98.03802,339.78
19.81647,98.03953,347.83
19.81879,103.36382,367
19.82218,103.36311,367
19.82284,103.43099,367
19.82338,100.07378,343.11
19.82347,99.57617,356.07
19.82604,98.75948,333.49
19.8266,103.82426,332.17
19.84151,96.81736,333.25
19.84244,98.74415,331.35
19.84333,102.45139,338.96
19.84405,102.4557,332.11
19.84436,98.73763,335.11
19.84562,99.64931,350.33
19.84583,98.73856,334.8
19.85466,98.66828,335.11
19.85521,98.45981,331.93
19.85779,98.61449,330.97
19.86037,98.36743,343.19
19.86149,97.35544,339.6
19.8615,96.45937,340.21
19.86254,97.36071,339.14
19.8628,96.46563,337.89
19.86359,97.366,347.95
19.86619,97.35434,345.05
19.86724,97.35965,330.18
19.86862,101.69464,331.03
19.87167,97.45573,332.58
19.87192,99.69983,335.23
19.87467,100.89288,340.15
19.87599,99.699,330.07
19.87621,101.14248,331.83
19.8767,103.94328,346.02
19.87823,99.3596,340.59
19.87838,100.89162,351.58
19.87918,100.89618,334.7
19.88006,103.94276,338.17
19.88536,101.50876,338.9
19.88794,99.50121,330.55
19.88864,99.50493,340.17
19.8896,102.63681,367
19.89136,96.77724,367
19.89207,99.50047,341.35
19.89259,102.6391,367
19.89277,99.50418,339.1
19.89373,96.77296,333.02
19.89475,96.77806,345.92
19.8974,102.90586,367
19.90073,101.77143,367
19.90368,98.82934,330.09
19.90435,101.77073,208
19.90963,99.68269,335.18
19.91076,99.39507,346.81
19.91076,102.35612,333.42
19.91165,99.69335,330.07
19.9123,102.953,367
19.91247,102.93253,367
19.91373,101.31018,335.77
19.91483,99.39386,341.45
19.91636,99.40205,340.21
19.92181,96.77639,339.9
19.92195,96.97366,331.7
19.92387,98.62904,336.46
19.92407,96.97553,331.29
19.92423,98.62988,331.42
19.92443,101.21844,367
19.9253,101.22337,332.25
19.92683,101.57774,334.54
19.92942,103.85212,339.01
19.93025,98.42812,339.96
19.93123,101.62388,337.13
19.93141,101.6225,332.42
19.93492,101.62344,330.3
19.93578,101.4782,347.84
19.93722,96.72693,237.16
19.93841,96.73276,367
19.93861,96.46013,339.42
19.93956,96.45882,344.48
19.94228,96.72667,336.34
19.94345,96.73241,367
19.94369,98.66002,331.4
19.94547,100.94474,330.02
19.94774,101.41646,341.69
19.94916,100.94354,331.39
19.95037,101.32253,330.63
19.953,101.42474,333.84
19.95475,97.49893,352.04
19.95547,101.4389,337.49
19.95903,101.39394,333.78
19.96496,98.6302,331.38
19.96848,102.82864,367
19.96937,101.36568,332.83
19.97196,98.82789,330.09
19.97287,100.83493,367
19.97477,97.62262,336.95
19.97496,97.18225,342.83
19.97729,97.4901,331.91
19.98079,96.33596,331.23
19.98185,101.37155,333.92
19.98211,101.61313,334.93
19.98323,99.66994,338.44
19.98513,97.38233,344.49
19.98546,103.9004,338.94
19.98615,97.38747,334.2
19.98948,96.35274,333.47
19.99061,101.97054,338.06
19.99151,99.08262,333.81
19.99347,102.44012,334.98
19.99368,97.05407,346.42
19.99562,99.44853,334.34
19.99629,99.45209,340
19.99641,99.08539,367
19.99742,99.79237,346.51